spectr,magnitudo,mass,radius,temperature,metal,age,planet_type
G8 V,13.59,0.83,0.88,5560,-0.22,10.7,очень теплый гигант
G0,10.15,1.18,1.38,6025,0.1,4,горячий нептун
"M2,5 V",13.82,0.295,0.303,3395,-0.08,9.9,очень теплый нептун
"M2,5 V",12.74,0.43,0.428,3433,,7,очень теплая земля
M2 V,11.4,0.519,0.516,3556,-0.06,,очень теплая земля
M4 V,12.47,0.36,0.364,3347,0.11,,очень теплая земля
M4 V,12.47,0.36,0.364,3347,0.11,,теплый нептун
"M2,5 V",10.92,0.342,0.337,3505,-0.12,,очень теплая земля
M3.5 V,12.67,0.313,0.32,3384,-0.02,7.1,очень теплая земля
M3.5 V,12.67,0.313,0.32,3384,-0.02,7.1,теплый нептун
M2 V,9.65,0.426,0.426,3579,-0.09,,очень теплая земля
G8 V,13.24,0.95,0.952,5470,,,горячий гигант
G8,12.21,0.945,0.9,5300,0.29,4.4,горячий гигант
F7 V,10.42,1.18,1.33,6250,-0.08,1,горячий гигант
G9 V,12.56,0.886,0.923,5330,0.06,10.1,горячий гигант
F8,11.76,1.27,1.7,6280,-0.18,3.37,горячий гигант
G5 V,13.44,0.98,1.04,5449,0.27,8.2,горячий гигант
K0 V,14.07,0.89,0.89,5131,0.28,9.4,горячий гигант
G0,13.73,1.09,1.21,5956,0,4.67,горячий гигант
F8,10.91,1.3,1.43,6566,-0.08,2,горячий гигант
G0,14.02,1,1.44,6060,-0.39,7.7,горячий гигант
F,12.76,1.49,2.21,6408,-0.1,2.36,горячий гигант
G9 V,14.77,0.87,0.92,5311,0,11,горячий гигант
G3 V,13.83,0.97,1.24,5738,0.1,9.5,горячий гигант
G2 V,13.1,0.994,1.11,5715,0.02,7.5,горячий гигант
F9,12.96,1.3,2.04,6071,-0.02,4,горячий гигант
F6,12.77,1.415,1.74,6438,0.09,2.3,горячий гигант
G6 V,13.93,0.93,0.92,5498,0.01,6.2,горячий гигант
G4 V,12.61,1.03,1.07,5670,0.16,5.5,горячий гигант
G0 V,12.19,1.09,1.06,5943,0.06,2.3,горячий гигант
G0 V,14.39,1.135,1.186,5970,0.13,3.4,горячий гигант
K0 V,13.59,0.837,0.812,5099,0.05,8.6,горячий гигант
K0 V,14.43,0.86,0.847,5080,0.32,9.7,горячий гигант
F5 V,13.31,1.27,1.315,6450,0.02,1.52,горячий гигант
G8 V,13.63,0.917,0.85,5495,-0.06,3,горячий гигант
G6 V,13.91,1.05,1.23,5621,0.37,8,горячий гигант
M1 V,15.16,0.574,0.57,3724,0.2,8.1,очень теплый гигант
M0 V,15.97,0.601,0.576,3775,0.51,11,горячий гигант
M0 V,15.76,0.602,0.585,3790,0.52,14.9,очень теплый гигант
K7 V,15.79,0.662,0.626,4016,0.32,,горячий гигант
K7 V,16.35,0.655,0.643,4071,0.25,12.1,очень теплый гигант
G,13.28,1.03,1.5,5366,0.34,10.8,горячий гигант
F5 V,8.95,1.091,1.296,6327,-0.31,4.48,горячий нептун
G2 V,10.06,1,0.97,5732,0.14,4,горячая земля
G2 V,10.06,1,0.97,5732,0.14,4,горячий нептун
K0,8.81,1.145,1.09,5585,0.56,7.2,эксцентричный холодный гигант
G3 V,5.65,0.87,1.06,5664,-0.24,12.3,горячая земля
G3 V,5.65,0.87,1.06,5664,-0.24,12.3,очень теплый нептун
G3 V,5.65,0.87,1.06,5664,-0.24,12.3,теплый нептун
G0,8.85,1.15,1.43,6310,-0.16,3.97,горячий нептун
G0,8.85,1.15,1.43,6310,-0.16,3.97,очень теплый нептун
G2 V,8.68,1.03,0.98,5788,-0.02,2.6,очень теплый нептун
K4 V,7.46,0.77,0.79,4610,0.16,,очень теплый нептун
G5 V,8.74,0.9,1.13,5596,-0.07,11,горячая земля
K2.5 V,7.98,0.8,0.77,4819,0.1,0.52,очень теплый нептун
K0 III,6.51,1.25,5,4860,0.21,,очень теплый гигант
G0 V,8,1.07,1.101,5978,-0.04,3.8,горячая земля
G0 V,8,1.07,1.101,5978,-0.04,3.8,горячий нептун
K0 V,7.53,0.82,0.76,5103,-0.16,,очень теплый нептун
K0 IV,8.15,1.212,2.943,5080,-0.08,4.9,горячий гигант
K5 V,8.57,0.684,0.674,4385,-0.08,,очень теплая земля
F8 V,8.27,1.104,1.157,6040,-0.14,5,горячая земля
F8 V,8.27,1.104,1.157,6040,-0.14,5,горячий нептун
K4 V,9.72,0.67,0.71,4684,-0.2,,горячая земля
K4 V,9.72,0.67,0.71,4684,-0.2,,очень теплая земля
K4 V,9.72,0.67,0.71,4684,-0.2,,очень теплая земля
K4 V,9.72,0.67,0.71,4684,-0.2,,очень теплый нептун
K4 V,9.72,0.67,0.71,4684,-0.2,,очень теплая земля
M0 V,9.77,0.44,0.439,3803,-0.43,5,очень теплая земля
M0 V,9.77,0.44,0.439,3803,-0.43,5,очень теплая земля
K0 V,4.43,0.78,0.812,5072,-0.42,6.9,очень теплый нептун
G5 V,7.76,0.86,0.85,5560,-0.24,5.5,эксцентричный холодный гигант
K0 V,8.94,0.877,0.835,5286,0.03,5,горячая земля
K0 V,8.94,0.877,0.835,5286,0.03,5,очень теплый нептун
K0 V,8.94,0.877,0.835,5286,0.03,5,очень теплый нептун
F8 V,8.56,1.13,1.28,6089,0.04,4.3,очень теплый гигант
F8 V,8,1.126,1.194,6203,-0.12,3,горячий нептун
F8 V,8,1.126,1.194,6203,-0.12,3,очень теплый нептун
K0 III,1.15,1.47,9.3,4666,0.19,,очень теплый гигант
G5 V,6.91,0.99,0.912,5640,,0.414,горячий нептун
G5 V,6.91,0.99,0.912,5640,,0.414,очень теплый нептун
K4 V,9.67,0.701,0.68,4574,-0.05,0.8,очень теплый нептун
M0 V,7.05,0.64,0,4005,-0.03,4,теплый нептун
G2 V,9.45,1,1.22,6022,0.35,2.7,горячая земля
K4 V,11.13,0.781,0.724,4590,0.18,4.1,горячий гигант
G0 V,10.56,1.15,1.24,5945,0.22,0.75,горячий нептун
G6 V,12.24,1.01,0.95,5434,0.26,,горячий нептун
G5 V,12.1,0.945,0.87,5470,-0.03,,горячая земля
G5 V,12.1,0.945,0.87,5470,-0.03,,очень теплый нептун
G,12.33,1.12,1.75,5474,0.33,7.8,горячий нептун
G,13.39,1.35,5.15,5433,-0.12,,горячий гигант
G2,11.14,0.84,1.25,5775,-0.46,10.8,горячая земля
G2,11.14,0.84,1.25,5775,-0.46,10.8,горячий нептун
G2,12.26,1.01,1.01,5800,0.03,,горячий нептун
G,12.9,0.8,0.78,5698,-0.54,,очень теплая земля
M1 V,14,0.46,0.455,3655,,,очень теплая земля
M1 V,14,0.46,0.455,3655,,,очень теплая земля
M1 V,14,0.46,0.455,3655,,,теплый нептун
G8 V,12.22,0.93,0.86,5350,0.14,2.8,горячая земля
G8 V,12.22,0.93,0.86,5350,0.14,2.8,горячий нептун
G8 V,12.22,0.93,0.86,5350,0.14,2.8,горячий нептун
G8 V,12.22,0.93,0.86,5350,0.14,2.8,очень теплый нептун
G8 V,12.22,0.93,0.86,5350,0.14,2.8,очень теплый нептун
G8 V,12.22,0.93,0.86,5350,0.14,2.8,очень теплый нептун
M1 V,16.31,0.47,0.45,3789,-0.37,,очень теплый нептун
G6 V,12.62,0.96,1.06,5585,0.1,9.8,горячий гигант
K4 V,11.5,0.71,0.68,4599,-0.06,6.3,горячая земля
K4 V,11.5,0.71,0.68,4599,-0.06,6.3,очень теплый нептун
M3 V,16.2,0.358,0.35,3385,-0.02,,очень теплый нептун
M3 V,16.2,0.358,0.35,3385,-0.02,,очень теплый нептун
K0 V,14.66,0.72,0.68,5131,-0.46,,очень теплый нептун
M0 V,12.81,0.54,0.526,3919,-0.42,,очень теплая земля
M0 V,12.81,0.54,0.526,3919,-0.42,,очень теплая земля
K3 V,14.3,0.68,0.66,4742,-0.33,,очень теплый нептун
K3 V,14.3,0.68,0.66,4742,-0.33,,очень теплый нептун
G6 V,12.11,0.88,0.83,5503,-0.13,,горячая земля
K,13.52,0.71,0.66,4320,0.15,,очень теплый нептун
"M2,5 V",13.5,0.36,0.41,3457,0.09,,теплый нептун
K2 V,12.6,0.71,0.69,5110,-0.65,9.5,очень теплый нептун
K1 V,12,0.865,0.793,5170,0.12,2.07,горячий нептун
K0 V,12.8,0.9,0.914,5345,0.07,8,горячая земля
K0 V,12.8,0.9,0.914,5345,0.07,8,очень теплый гигант
K0 V,12.8,0.9,0.914,5345,0.07,8,очень теплый нептун
K1 V,11.02,0.8,0.76,5213,-0.16,,горячая земля
K1 V,11.02,0.8,0.76,5213,-0.16,,горячий нептун
K1 V,11.02,0.8,0.76,5213,-0.16,,очень теплый нептун
K5 V,11.93,0.711,0.682,4491,-0.01,5.04,горячая земля
K5 V,11.93,0.711,0.682,4491,-0.01,5.04,очень теплый нептун
K8 V,12.85,0.523,0.46,4006,-0.11,,очень теплый нептун
K8 V,12.85,0.523,0.46,4006,-0.11,,теплый нептун
K5 V,12.48,0.7,0.72,4503,0,,горячая земля
M0 V,15.6,0.42,0.38,3865,0.03,,горячий нептун
K0 V,10.98,0.84,0.79,5185,-0.06,5.4,горячая земля
K0 V,10.98,0.84,0.79,5185,-0.06,5.4,очень теплый нептун
G2 V,12.71,1.01,0.95,5695,0.14,3,очень теплый нептун
K2 V,10.73,0.79,0.71,5033,-0.09,,горячая земля
K2 V,10.73,0.79,0.71,5033,-0.09,,очень теплая земля
K2 V,10.73,0.79,0.71,5033,-0.09,,очень теплая земля
F6 V,11.6,1.22,1.34,6099,0,,горячий гигант
M3 V,14.55,0.4,0.36,3420,-0.1,,очень теплая земля
G2,11.28,1.12,1.21,5743,0.42,5,очень теплый нептун
G2,11.28,1.12,1.21,5743,0.42,5,очень теплый нептун
M0.5 V,13.39,0.58,0.54,3810,-0.1,,очень теплая земля
M4 V,15.88,0.294,0.295,3180,0.15,0.7,очень теплый нептун
M1 V,14.53,0.53,0.51,3769,-0.13,,теплый нептун
K0 V,12.64,0.87,0.885,5248,0.13,10.3,горячий нептун
M4 V,16.06,0.26,0.29,3214,0.26,,очень теплый нептун
M0 V,12.76,0.64,0.62,3926,0,,теплый нептун
G7 V,12.5,0.94,0.85,5358,0.16,2.6,горячий гигант
F8,11.1,1.194,1.511,6302,-0.06,4,горячий нептун
F8,11.1,1.194,1.511,6302,-0.06,4,очень теплый гигант
G6 V,13.53,0.9,0.844,5425,-0.15,3.9,горячий гигант
G7 V,10.8,0.97,0.9,5465,0.2,,горячий гигант
K0 V,12.31,0.83,0.86,5271,-0.06,7.9,горячая земля
K0 V,12.31,0.83,0.86,5271,-0.06,7.9,очень теплый нептун
K0 V,12.31,0.83,0.86,5271,-0.06,7.9,очень теплый нептун
K0 V,12.31,0.83,0.86,5271,-0.06,7.9,очень теплый нептун
M3 V,14.3,0.31,1.1,3410,,0.01,очень теплый нептун
F9 V,11.45,1.28,1.526,6132,0.24,2.88,горячий гигант
K4 V,14.35,0.76,0.72,4680,0.04,,горячая земля
K4 V,14.35,0.76,0.72,4680,0.04,,очень теплый нептун
K2 V,11.8,0.8,0.74,4924,-0.05,1.4,горячая земля
K2 V,11.8,0.8,0.74,4924,-0.05,1.4,очень теплый нептун
G3 V,12.52,0.9,0.85,5413,-0.03,,горячая земля
G3 V,12.52,0.9,0.85,5413,-0.03,,горячий нептун
G3 V,12.52,0.9,0.85,5413,-0.03,,очень теплый нептун
G2 V,11.21,1.07,1.1,5757,0.28,,горячая земля
G2 V,11.21,1.07,1.1,5757,0.28,,горячий нептун
K2 III,10.83,1.53,3.88,4881,0.32,3.1,горячий гигант
K,15.02,0.7,0.64,4613,,,очень теплый нептун
K,15.6,0.57,0.54,3840,,,горячий нептун
K,15.6,0.57,0.54,3840,,,горячий нептун
K9 V,15.78,0.5,0.45,4103,,,горячий гигант
F8 V,12.03,0.96,1.29,6256,,,горячий нептун
K0 V,14.09,0.75,0.76,5054,,,очень теплая земля
K,14.28,0.77,0.73,4899,,,очень теплый нептун
K8 V,15.67,0.51,0.45,4175,,,очень теплая земля
K,14.72,0.61,0.55,4326,,,очень теплая земля
F,15.04,1.21,1.49,6113,,,горячий гигант
K0 V,11.89,0.83,0.85,5269,,,очень теплый нептун
K7 V,13.55,0.69,0.715,4300,0.38,,горячий нептун
K,14.5,0.683,0.62,4434,,,очень теплый нептун
G,12.38,0.89,0.86,5413,,,горячая земля
G,12.38,0.89,0.86,5413,,,горячий нептун
G,12.38,0.89,0.86,5413,,,очень теплая земля
K0 V,14.23,0.774,0.73,5055,,,очень теплый нептун
K0 V,14.23,0.774,0.73,5055,,,очень теплый нептун
G4 V,12.79,0.97,1.12,5500,0.01,10,горячий гигант
F,12.99,1.21,1.36,6293,,,горячий нептун
K,12.4,0.77,0.73,4880,,,очень теплый нептун
K,12.4,0.77,0.73,4880,,,очень теплый нептун
F,12.88,1.4,1.63,6771,,,горячий нептун
G8 V,14.09,0.74,0.726,5312,,,очень теплый нептун
K,10.8,0.87,0.84,5213,,,очень теплая земля
G1 IV,11.71,1.11,1.67,5887,-0.05,,горячий нептун
K,12.98,0.73,0.675,4746,,,очень теплая земля
K8 V,14.81,0.55,0.491,4127,,,очень теплый нептун
G,12.99,0.94,0.93,5622,,,очень теплый нептун
K,14.88,0.477,0.426,4006,,,очень теплый нептун
G2 V,11.31,1.09,1.1,5767,0.26,1.5,горячий гигант
G0 V,11.35,1.05,1.06,5922,,,горячий нептун
F9 V,12.59,0.96,0.98,6060,,,очень теплый нептун
G0,12.7,1.16,1.56,5995,,,горячий нептун
G0,12.7,1.16,1.56,5995,,,горячий нептун
K,12.16,0.8,0.76,4970,0.29,0.85,очень теплый нептун
G0 V,12.08,1.06,1.28,5926,,,горячий нептун
G,12.63,0.9,0.87,5441,,,горячая земля
G,12.63,0.9,0.87,5441,,,очень теплый нептун
K,14.36,0.697,0.631,4530,,,очень теплая земля
M0 V,14.51,0.484,0.424,3910,,,очень теплая земля
M0 V,14.51,0.484,0.424,3910,,,очень теплая земля
G4 V,13.44,0.95,0.93,5652,,,горячий нептун
G4 V,13.44,0.95,0.93,5652,,,очень теплый нептун
K,12.83,0.573,0.507,4268,,,горячая земля
G,13.17,0.79,0.76,5482,,,очень теплая земля
G,14.13,0.947,0.93,5406,,,очень теплый нептун
M,15.48,0.258,0.256,3537,,,очень теплая земля
M,14.16,0.347,0.318,3691,,,очень теплая земля
K,13.86,0.56,0.494,4136,,,очень теплый нептун
M,15.57,0.292,0.284,3622,,,очень теплая земля
M3 V,17.78,0.36,0.4,3471,0.11,0.7,теплый нептун
K2 III,12.91,1.16,4.2,4790,0.42,7.8,горячий гигант
F8 V,12.17,1.074,1.31,6120,-0.2,5.2,горячий нептун
G0 IV,11.15,1.6,3.1,5990,0.2,2.4,горячий гигант
F8,10.64,1.59,2.37,6278,0.19,2.2,горячий гигант
F7 V,11.72,1.21,1.36,6236,0,2.9,горячий гигант
K1 V,13.03,0.89,0.91,5165,0.22,,горячий гигант
G2 V,11.16,0.91,1.065,5708,-0.15,10.6,горячая земля
G2 V,11.16,0.91,1.065,5708,-0.15,10.6,очень теплый нептун
G1 V,11.06,1.08,1.49,5825,0.02,6.46,горячая земля
G1 V,11.06,1.08,1.49,5825,0.02,6.46,горячий нептун
G1 V,11.06,1.08,1.49,5825,0.02,6.46,очень теплая земля
G3 IV,13.77,1.17,1.56,5667,0.33,5.9,горячий нептун
G3 IV,13.77,1.17,1.56,5667,0.33,5.9,горячая земля
K,11.49,0.8,0.74,4903,0.08,1.41,очень теплая земля
K,11.49,0.8,0.74,4903,0.08,1.41,очень теплая земля
K,11.49,0.8,0.74,4903,0.08,1.41,очень теплая земля
K,11.49,0.8,0.74,4903,0.08,1.41,очень теплый нептун
K,11.49,0.8,0.74,4903,0.08,1.41,очень теплая земля
G0,12.36,1.212,1.492,6007,0.16,5.7,горячий нептун
G0,12.36,1.212,1.492,6007,0.16,5.7,теплый нептун
G3 V,12.6,0.81,1.35,5711,-0.55,,горячий нептун
G3 V,12.6,0.81,1.35,5711,-0.55,,очень теплый нептун
G3 V,12.6,0.81,1.35,5711,-0.55,,очень теплый нептун
G0,12.79,0.96,0.894,5827,0.011,,горячая земля
G0,12.79,0.96,0.894,5827,0.011,,горячий нептун
G1 V,12.88,1,1.04,5858,-0.12,4.83,горячая земля
G1 V,12.88,1,1.04,5858,-0.12,4.83,очень теплый нептун
G1 V,12.88,1,1.04,5858,-0.12,4.83,очень теплая земля
G1 V,12.88,1,1.04,5858,-0.12,4.83,очень теплый нептун
G1 V,12.7,1.24,1.447,5854,0.321,4.29,горячая земля
G1 V,12.7,1.24,1.447,5854,0.321,4.29,горячая земля
G1 V,12.7,1.24,1.447,5854,0.321,4.29,горячая земля
G1 V,12.7,1.24,1.447,5854,0.321,4.29,горячий нептун
G0,12.65,0.87,2.19,5854,0.31,,очень теплый гигант
G0,12.65,0.87,2.19,5854,0.31,,очень теплый гигант
G0,12.36,1.04,1.32,5952,-0.08,5.73,горячий нептун
G0,12.36,1.04,1.32,5952,-0.08,5.73,очень теплый нептун
G3 V,13.7,0.961,1.053,5663,0,8.1,горячая земля
G3 V,13.7,0.961,1.053,5663,0,8.1,очень теплая земля
G3 V,13.7,0.961,1.053,5663,0,8.1,очень теплый нептун
G3 V,13.7,0.961,1.053,5663,0,8.1,очень теплый нептун
G3 V,13.7,0.961,1.053,5663,0,8.1,очень теплая земля
G3 V,13.7,0.961,1.053,5663,0,8.1,теплый нептун
G0,12.94,1.07,1.15,5960,-0.19,,горячая земля
G0,12.94,1.07,1.15,5960,-0.19,,очень теплый нептун
G0 V,13.49,1.17,0.16,5952,0.28,,горячая земля
G5,13.77,0.946,0.84,5544,-0.42,,горячий нептун
G5,13.77,0.946,0.84,5544,-0.42,,очень теплый нептун
K3 V,13.46,0.75,0.69,4725,0.05,6.9,очень теплая земля
K3 V,13.46,0.75,0.69,4725,0.05,6.9,очень теплый нептун
K,13.74,0.56,0.667,4605,0.09,,очень теплая земля
K,13.74,0.56,0.667,4605,0.09,,очень теплая земля
K,13.74,0.56,0.667,4605,0.09,,очень теплый нептун
G0,13.43,1,1.205,5979,-0.1,,горячая земля
G0,13.43,1,1.205,5979,-0.1,,горячий нептун
M3.5 V,12.25,0.236,0.246,3381,-0.13,,очень теплая земля
F8 V,13.72,1.16,1.45,6142,0.02,,горячий нептун
F8 V,13.72,1.16,1.45,6142,0.02,,горячий нептун
F8 V,14.27,1.13,1.606,6150,-0.04,5.3,горячий гигант
F8 V,14.27,1.13,1.606,6150,-0.04,5.3,очень теплый гигант
G,14.71,0.86,1.09,5274,0.18,,горячая земля
G,14.71,0.86,1.09,5274,0.18,,очень теплый гигант
G,14.24,0.92,0.84,5595,-0.08,,горячий нептун
G,14.24,0.92,0.84,5595,-0.08,,горячая земля
G0,13.44,1.166,1.483,5947,0.07,4,горячий гигант
K,14.74,0.654,0.534,4096,-0.17,,очень теплый нептун
K,14.74,0.654,0.534,4096,-0.17,,очень теплая земля
G,14.71,0.86,0.7,5311,-0.38,,горячий нептун
G,14.71,0.86,0.7,5311,-0.38,,очень теплый нептун
F9 V,14.25,0.99,1.22,6050,-0.16,,горячий нептун
F9 V,14.25,0.99,1.22,6050,-0.16,,горячий гигант
F9 V,14.25,0.99,1.22,6050,-0.16,,очень теплый нептун
F9 V,14.25,0.99,1.22,6050,-0.16,,очень теплый нептун
F9 V,14.25,0.99,1.22,6050,-0.16,,очень теплый нептун
F8 V,14.06,1.03,1.26,6089,-0.14,,горячий нептун
F8 V,14.06,1.03,1.26,6089,-0.14,,очень теплая земля
K0 V,14.14,0.84,0.636,4984,-0.45,,горячая земля
K0 V,14.14,0.84,0.636,4984,-0.45,,очень теплая земля
K0 V,14.14,0.84,0.636,4984,-0.45,,очень теплая земля
K7 V,14.75,0.55,0.51,3810,-0.02,,очень теплый нептун
K7 V,14.75,0.55,0.51,3810,-0.02,,очень теплая земля
F7 V,10.5,1.11,1.358,6239,-0.14,,горячая земля
F7 V,10.5,1.11,1.358,6239,-0.14,,очень теплая земля
F7 V,10.5,1.11,1.358,6239,-0.14,,очень теплый нептун
F8 V,11.49,1.27,1.36,6106,0.33,,горячая земля
F8 V,11.49,1.27,1.36,6106,0.33,,очень теплый нептун
F8 V,11.49,1.27,1.36,6106,0.33,,очень теплый нептун
F9,11.39,1.18,1.66,6072,-0.09,,горячая земля
F9,11.39,1.18,1.66,6072,-0.09,,очень теплая земля
G4 IV,11.7,1.18,1.653,5770,0.29,6.43,горячий нептун
G4 IV,11.7,1.18,1.653,5770,0.29,6.43,очень теплый нептун
G1 V,11.53,1,1.127,5884,-0.22,,горячая земля
G1 V,11.53,1,1.127,5884,-0.22,,очень теплый нептун
G1 V,11.53,1,1.127,5884,-0.22,,очень теплая земля
G3 V,11.52,1.02,1.03,5685,0.12,3.66,очень теплый нептун
G3 V,11.52,1.02,1.03,5685,0.12,3.66,очень теплая земля
G+G,11.82,2,,,-0.28,,горячая земля
G+G,11.82,2,,,-0.28,,горячая земля
G+G,11.82,2,,,-0.28,,очень теплый нептун
G2 V,12.85,1.02,1.43,5736,0.25,,горячая земля
G2 V,12.85,1.02,1.43,5736,0.25,,очень теплый нептун
G0,12.32,1.01,1.18,5983,-0.19,,горячий нептун
G0,12.32,1.01,1.18,5983,-0.19,,горячая земля
F9 V,12.73,1.14,1.28,6090,-0.14,,горячая земля
F9 V,12.73,1.14,1.28,6090,-0.14,,горячая земля
F8 V,12.46,1.2,1.36,6165,-0.07,,горячий нептун
F8 V,12.46,1.2,1.36,6165,-0.07,,горячая земля
K0 V,12.99,0.908,0.802,5187,-0.05,,очень теплая земля
K0 V,12.99,0.908,0.802,5187,-0.05,,очень теплая земля
M1 V,12.9,0.52,0.442,3841,-0.28,,очень теплая земля
M1 V,12.9,0.52,0.442,3841,-0.28,,очень теплая земля
G5,12.7,1.08,1.3,5594,0.3,,очень теплый нептун
G5,12.7,1.08,1.3,5594,0.3,,теплый нептун
F,12.13,1.512,2.048,6395,0.12,2.2,горячий гигант
F9 V,13,1.2,1.29,6077,-0.07,,горячая земля
F9 V,13,1.2,1.29,6077,-0.07,,очень теплая земля
K0 V,13.45,0.8,0.787,4910,0.23,,горячая земля
K0 V,13.45,0.8,0.787,4910,0.23,,очень теплая земля
G2 V,13.2,0.99,1.27,5790,0.06,,горячая земля
G2 V,13.2,0.99,1.27,5790,0.06,,горячий нептун
G2 V,13.2,0.99,1.27,5790,0.06,,очень теплый нептун
G1 V,13.77,1.01,1.36,5848,-0.05,,горячий нептун
G1 V,13.77,1.01,1.36,5848,-0.05,,очень теплый нептун
F8 V,11.99,1.03,1.235,6075,-0.16,,горячая земля
F8 V,11.99,1.03,1.235,6075,-0.16,,горячая земля
F9,11.93,1.32,1.85,6144,0.13,,горячий нептун
F9,11.93,1.32,1.85,6144,0.13,,очень теплый нептун
G0 V,13.84,1.09,1.21,5948,-0.02,,очень теплый нептун
G0 V,13.84,1.09,1.21,5948,-0.02,,очень теплый нептун
F9,13.95,1.01,1.47,6012,0.08,,горячая земля
F9,13.95,1.01,1.47,6012,0.08,,очень теплый нептун
G,15.34,0.78,0.85,5272,0.14,,горячая земля
G,15.34,0.78,0.85,5272,0.14,,горячий нептун
G,15.34,0.78,0.85,5272,0.14,,очень теплый гигант
G,14,0.91,0.953,5381,0.27,,очень теплый нептун
G,14,0.91,0.953,5381,0.27,,очень теплая земля
G,14,0.91,0.953,5381,0.27,,теплый нептун
G,13.8,1.018,0.992,5595,0.36,,горячий гигант
G5,14.99,0.97,0.94,5560,-0.02,,горячая земля
G5,14.99,0.97,0.94,5560,-0.02,,горячий нептун
G5,14.99,0.97,0.94,5560,-0.02,,очень теплый нептун
G5,14.99,0.97,0.94,5560,-0.02,,очень теплый нептун
G,14.77,0.83,0.83,5460,-0.1,,очень теплый нептун
M2 V,12.48,0.345,0.33,3490,-0.54,9,очень теплая земля
G,14.77,0.83,0.83,5460,-0.1,,очень теплый нептун
K0 V,14.29,0.83,0.724,5088,-0.22,,очень теплый нептун
K0 V,14.29,0.83,0.724,5088,-0.22,,теплый нептун
G,14.26,0.82,0.89,5404,-0.26,,очень теплый нептун
G,14.26,0.82,0.89,5404,-0.26,,очень теплый нептун
G3 V,14.53,0.89,1,5690,-0.11,,горячая земля
G3 V,14.53,0.89,1,5690,-0.11,,очень теплый нептун
G3 V,14.53,0.89,1,5690,-0.11,,очень теплый нептун
G3 V,14.53,0.89,1,5690,-0.11,,очень теплый нептун
K,14.26,0.58,0.62,4508,-0.04,,очень теплый нептун
K,14.26,0.58,0.62,4508,-0.04,,теплый нептун
K0 V,14.17,0.737,0.807,5094,0.08,,горячий нептун
K0 V,14.17,0.737,0.807,5094,0.08,,очень теплый нептун
M2 V,12.48,0.345,0.33,3490,-0.54,9,очень теплая земля
G2 V,14,1.03,1.04,5774,-0.12,,горячая земля
G2 V,14,1.03,1.04,5774,-0.12,,очень теплый нептун
K,14.43,0.655,0.624,4623,-0.23,,очень теплый нептун
K,14.43,0.655,0.624,4623,-0.23,,очень теплая земля
K,14.9,0.63,0.663,4625,0.04,,очень теплый нептун
K,14.9,0.63,0.663,4625,0.04,,теплый нептун
G5 V,14.62,0.99,1.12,5471,-0.36,8.9,горячая земля
G5 V,14.62,0.99,1.12,5471,-0.36,8.9,очень теплый нептун
K0 V,14.2,0.77,0.806,5078,0.1,,горячий нептун
K0 V,14.2,0.77,0.806,5078,0.1,,очень теплый нептун
G,14.25,0.953,0.96,5816,-0.3,,горячая земля
G,14.25,0.953,0.96,5816,-0.3,,очень теплый нептун
G,14.41,0.96,0.92,5776,-0.02,,горячая земля
G,14.41,0.96,0.92,5776,-0.02,,очень теплый нептун
G0 V,14.28,1.11,1.15,5888,-0.1,,горячая земля
G0 V,14.28,1.11,1.15,5888,-0.1,,горячий нептун
G0 V,14.28,1.11,1.15,5888,-0.1,,очень теплый нептун
K,14.8,0.79,0.77,5211,-0.31,,очень теплый нептун
K,14.8,0.79,0.77,5211,-0.31,,очень теплый нептун
G5,13.42,1.01,1.18,5597,-0.09,,эксцентричный холодный гигант
G0 V,11.05,1.03,1.03,6148,-0.24,2.6,горячий нептун
G2 V,11.64,1.03,1.1,5731,0.19,6.3,эксцентричный холодный гигант
F8,11.62,1.45,2.89,6216,-0.18,,горячий гигант
G,14.7,0.88,0.74,5413,-0.29,,горячая земля
G,14.7,0.88,0.74,5413,-0.29,,очень теплый нептун
G,14.7,0.88,0.74,5413,-0.29,,очень теплый нептун
K4 V,14.3,0.78,0.75,4884,0.02,7.1,горячая земля
K4 V,14.3,0.78,0.75,4884,0.02,7.1,очень теплая земля
K4 V,14.3,0.78,0.75,4884,0.02,7.1,очень теплая земля
F,14.61,1.12,1.11,6282,-0.01,,горячая земля
F,14.61,1.12,1.11,6282,-0.01,,горячий нептун
K0 V,14.19,0.86,0.763,4997,0.03,,горячая земля
K0 V,14.19,0.86,0.763,4997,0.03,,очень теплая земля
K0 V,14.19,0.86,0.763,4997,0.03,,очень теплая земля
K0 V,14.19,0.86,0.763,4997,0.03,,очень теплый нептун
K0 V,14.19,0.86,0.763,4997,0.03,,теплый нептун
G2 V,14.14,1.16,1.05,5781,0.26,1.78,горячий гигант
G4 V,14.39,1.09,1.035,5679,0.47,,горячий нептун
G4 V,14.39,1.09,1.035,5679,0.47,,очень теплый нептун
G,14.88,0.93,0.84,5642,-0.15,,горячий нептун
G,14.88,0.93,0.84,5642,-0.15,,очень теплый нептун
G,14.88,0.93,0.84,5642,-0.15,,очень теплая земля
G5,14.53,0.86,1.085,5526,0.26,,горячий нептун
G5,14.53,0.86,1.085,5526,0.26,,горячий нептун
G5,14.53,0.86,1.085,5526,0.26,,очень теплый нептун
G5,14.53,0.86,1.085,5526,0.26,,очень теплый нептун
F,14.21,0.78,0.95,6031,-0.79,,горячая земля
F,14.21,0.78,0.95,6031,-0.79,,горячий нептун
K,14.29,0.6,0.62,4880,-0.43,,очень теплая земля
F,14.94,1.04,1.01,6064,-0.02,,горячий нептун
F,14.94,1.04,1.01,6064,-0.02,,очень теплый нептун
G,14.55,0.77,0.89,5232,0.07,,горячая земля
G,14.55,0.77,0.89,5232,0.07,,очень теплый нептун
G,14.55,0.77,0.89,5232,0.07,,очень теплый нептун
F8 V,15,1.26,1.4,6189,0.028,,очень теплый нептун
F8 V,15,1.26,1.4,6189,0.028,,очень теплый гигант
G,14.6,0.89,1.07,5676,-0.19,,горячий нептун
G,14.6,0.89,1.07,5676,-0.19,,очень теплый нептун
G,14.6,0.89,1.07,5676,-0.19,,очень теплый нептун
G,14.61,0.842,0.76,5302,-0.14,,горячая земля
G,14.61,0.842,0.76,5302,-0.14,,очень теплый нептун
G,13.55,0.972,1.108,5383,0.2,10,горячая земля
G,13.55,0.972,1.108,5383,0.2,10,горячий нептун
G,13.55,0.972,1.108,5383,0.2,10,очень теплый нептун
G,14.35,0.84,1.06,5731,-0.19,,очень теплая земля
G,14.35,0.84,1.06,5731,-0.19,,очень теплый нептун
G,14.71,0.853,0.75,5333,-0.16,,горячая земля
G,14.71,0.853,0.75,5333,-0.16,,горячая земля
F,14.9,1.14,1.15,6250,0.08,,горячий нептун
F,14.9,1.14,1.15,6250,0.08,,очень теплый нептун
G,14.94,0.99,0.96,5888,0.03,,горячий нептун
G,14.94,0.99,0.96,5888,0.03,,очень теплый нептун
G,14.34,0.97,0.87,5788,-0.34,,очень теплый нептун
G,14.34,0.97,0.87,5788,-0.34,,очень теплая земля
G,14.34,0.97,0.87,5788,-0.34,,очень теплый нептун
G,14.46,0.79,0.806,5208,-0.05,,горячая земля
G,14.46,0.79,0.806,5208,-0.05,,очень теплый нептун
M1 V,14.63,0.544,0.523,3755,-0.26,4,очень теплая земля
M1 V,14.63,0.544,0.523,3755,-0.26,4,очень теплая земля
M1 V,14.63,0.544,0.523,3755,-0.26,4,очень теплая земля
F9 V,14.17,0.85,1.29,6105,-0.08,,горячая земля
F9 V,14.17,0.85,1.29,6105,-0.08,,горячий нептун
F9,14.67,1.01,1.14,6021,-0.13,,горячая земля
F9,14.67,1.01,1.14,6021,-0.13,,горячий нептун
G,14.86,0.79,0.75,5235,-0.13,,очень теплая земля
G,14.86,0.79,0.75,5235,-0.13,,очень теплый нептун
G,11.9,0.936,0.85,5544,-0.08,1.9,очень теплая земля
G,11.9,0.936,0.85,5544,-0.08,1.9,теплый нептун
K0 V,14.14,0.84,0.795,5106,0.03,,горячая земля
K0 V,14.14,0.84,0.795,5106,0.03,,горячая земля
G,14.81,0.85,0.79,5282,0.01,,горячий нептун
G,14.81,0.85,0.79,5282,0.01,,очень теплая земля
G,14.81,0.85,0.79,5282,0.01,,очень теплая земля
G,14.13,0.905,1.01,5479,0.24,,горячий нептун
G,14.13,0.905,1.01,5479,0.24,,очень теплый нептун
F,14.62,1.14,1.15,6335,-0.01,,горячий нептун
F,14.62,1.14,1.15,6335,-0.01,,очень теплый нептун
F,14.92,1.05,1.025,6089,-0.3,,горячая земля
F,14.92,1.05,1.025,6089,-0.3,,очень теплый нептун
F,14.92,1.05,1.025,6089,-0.3,,очень теплый нептун
G,14.81,0.843,0.775,5329,-0.05,,очень теплый нептун
G,14.81,0.843,0.775,5329,-0.05,,очень теплая земля
K0 V,14.16,0.783,0.78,5128,-0.06,,очень теплая земля
K0 V,14.16,0.783,0.78,5128,-0.06,,очень теплый нептун
G0,11.81,0.864,1.12,6004,-0.38,,горячая земля
G0,11.81,0.864,1.12,6004,-0.38,,горячая земля
G0,11.81,0.864,1.12,6004,-0.38,,горячая земля
G0,11.81,0.864,1.12,6004,-0.38,,очень теплая земля
G5 V,13.6,0.93,0.94,5574,-0.02,,очень теплый нептун
G5 V,13.6,0.93,0.94,5574,-0.02,,очень теплый нептун
G,13.6,1,0.97,5644,-0.12,,очень теплый нептун
G,13.6,1,0.97,5644,-0.12,,очень теплый нептун
G6 V,12.51,0.95,0.964,5495,0.07,7.6,горячая земля
G6 V,12.51,0.95,0.964,5495,0.07,7.6,горячая земля
G6 V,12.51,0.95,0.964,5495,0.07,7.6,очень теплый нептун
G6 V,12.51,0.95,0.964,5495,0.07,7.6,очень теплая земля
G6 V,12.51,0.95,0.964,5495,0.07,7.6,очень теплый нептун
G6 V,12.51,0.95,0.964,5495,0.07,7.6,теплый нептун
G,13.98,1.042,0.944,5678,-0.17,,горячий нептун
G,13.98,1.042,0.944,5678,-0.17,,горячая земля
F9 V,13,1.17,1.23,6065,-0.15,,очень теплый нептун
F9 V,13,1.17,1.23,6065,-0.15,,теплый нептун
K5 V,13.87,0.683,0.667,4668,0,,очень теплая земля
K5 V,13.87,0.683,0.667,4668,0,,очень теплая земля
G1 V,14,0.98,1.11,5821,-0.03,,горячий нептун
G1 V,14,0.98,1.11,5821,-0.03,,горячий нептун
G1 V,14,0.98,1.11,5821,-0.03,,горячая земля
G2 V,13.91,0.96,1.24,5812,-0.03,,горячий нептун
G2 V,13.91,0.96,1.24,5812,-0.03,,очень теплая земля
K8 V,13.51,0.592,0.546,4321,-0.3,,очень теплая земля
K8 V,13.51,0.592,0.546,4321,-0.3,,очень теплая земля
G2 V,13.48,0.94,1.19,5764,0.05,,горячая земля
G2 V,13.48,0.94,1.19,5764,0.05,,горячая земля
G2 V,13.48,0.94,1.19,5764,0.05,,очень теплая земля
G0,13.18,1.04,1.59,5920,0.21,,горячая земля
G0,13.18,1.04,1.59,5920,0.21,,горячая земля
G0,13.18,1.04,1.59,5920,0.21,,горячий нептун
F8 V,13.75,1.03,1.314,6092,-0.02,,горячая земля
F8 V,13.75,1.03,1.314,6092,-0.02,,горячая земля
F8 V,13.75,1.03,1.314,6092,-0.02,,горячая земля
F8 V,13.75,1.03,1.314,6092,-0.02,,горячая земля
G5,14,0.93,0.935,5513,0.04,,очень теплый нептун
G5,14,0.93,0.935,5513,0.04,,очень теплый нептун
F6 IV,8.27,1.41,1.9,6305,-0.03,2.84,горячая земля
K5 V,13.82,0.61,0.65,4559,0.07,,горячий нептун
K5 V,13.82,0.61,0.65,4559,0.07,,очень теплый нептун
G,13.28,0.97,0.816,5123,0.09,,горячая земля
G,13.28,0.97,0.816,5123,0.09,,горячая земля
G1 V,13.18,1.16,1.46,5852,0.17,,горячая земля
G1 V,13.18,1.16,1.46,5852,0.17,,очень теплый нептун
G,13.65,0.94,1.2,5696,0.15,,горячая земля
G,13.65,0.94,1.2,5696,0.15,,горячий нептун
F,13.95,1.15,1.35,6169,-0.04,,горячий нептун
F,13.95,1.15,1.35,6169,-0.04,,очень теплый нептун
G,13.58,0.77,1.03,5739,-0.38,,горячая земля
G,13.58,0.77,1.03,5739,-0.38,,очень теплая земля
G,13.58,0.77,1.03,5739,-0.38,,очень теплый нептун
G,13.58,0.77,1.03,5739,-0.38,,очень теплая земля
F,14,1.13,1.26,6091,-0.14,,горячий нептун
F,14,1.13,1.26,6091,-0.14,,горячий нептун
F,13.29,1.383,1.8,6171,-0.12,,горячая земля
F,13.29,1.383,1.8,6171,-0.12,,горячий нептун
F,13.29,1.383,1.8,6171,-0.12,,горячая земля
G5,13.97,1.02,1.063,5502,0.37,,горячая земля
G5,13.97,1.02,1.063,5502,0.37,,очень теплый нептун
G5,13.97,1.02,1.063,5502,0.37,,теплый нептун
G2,13.76,1.17,1.49,5786,0.26,,горячий нептун
G2,13.76,1.17,1.49,5786,0.26,,очень теплый нептун
G2,13.76,1.17,1.49,5786,0.26,,очень теплый нептун
K,13.18,0.717,0.666,4632,0.05,,очень теплая земля
K,13.18,0.717,0.666,4632,0.05,,очень теплая земля
K,13.18,0.717,0.666,4632,0.05,,очень теплая земля
G8 V,13.75,0.72,0.821,5243,-0.03,,горячая земля
G8 V,13.75,0.72,0.821,5243,-0.03,,горячий нептун
G8 V,13.75,0.72,0.821,5243,-0.03,,очень теплый нептун
G8 V,13.75,0.72,0.821,5243,-0.03,,очень теплый нептун
G,15.06,0.857,0.87,5433,0.15,,горячий нептун
G,15.06,0.857,0.87,5433,0.15,,очень теплый нептун
G,15.06,0.857,0.87,5433,0.15,,очень теплый нептун
G0,15.34,0.95,1.02,5829,-0.21,,горячая земля
G0,15.34,0.95,1.02,5829,-0.21,,горячий нептун
G0,15.34,0.95,1.02,5829,-0.21,,очень теплый нептун
G0,15.34,0.95,1.02,5829,-0.21,,очень теплый нептун
K,15.64,0.74,0.676,5018,-0.33,,горячая земля
K,15.64,0.74,0.676,5018,-0.33,,горячий нептун
K,15.64,0.74,0.676,5018,-0.33,,очень теплый нептун
K,15.64,0.74,0.676,5018,-0.33,,очень теплый нептун
M0 V,15.96,0.593,0.48,3682,-0.11,,очень теплая земля
G,15.42,0.86,0.8,5571,-0.14,,горячая земля
G,15.42,0.86,0.8,5571,-0.14,,горячий нептун
G,15.42,0.86,0.8,5571,-0.14,,очень теплая земля
G,15.35,0.92,1.09,5854,0.14,,горячий нептун
G,15.35,0.92,1.09,5854,0.14,,очень теплый нептун
F,15.71,1.04,1.014,6043,-0.07,,горячая земля
F,15.71,1.04,1.014,6043,-0.07,,горячий нептун
F,15.71,1.04,1.014,6043,-0.07,,горячий нептун
G,15.84,0.794,0.728,5120,-0.11,,очень теплый нептун
G,15.84,0.794,0.728,5120,-0.11,,очень теплый нептун
G,15.84,0.794,0.728,5120,-0.11,,очень теплый нептун
G2 V,13.44,1.11,1.52,5760,-0.09,6,горячая земля
G2 V,13.44,1.11,1.52,5760,-0.09,6,горячий нептун
G2 V,13.44,1.11,1.52,5760,-0.09,6,горячая земля
G,15.08,0.918,0.817,5588,-0.29,,очень теплый нептун
G,15.08,0.918,0.817,5588,-0.29,,теплый нептун
M,15.39,0.58,0.49,3767,-0.1,,очень теплая земля
G,15.37,0.964,0.97,5847,0.08,,горячий нептун
G,15.37,0.964,0.97,5847,0.08,,очень теплый нептун
G,15.34,0.855,0.76,5360,-0.07,,очень теплый нептун
G,15.34,0.855,0.76,5360,-0.07,,теплый нептун
F,15.54,1.09,1.113,6224,0.07,,горячий нептун
F,15.54,1.09,1.113,6224,0.07,,горячий нептун
K,15.95,0.59,0.554,4255,-0.16,,очень теплый нептун
K,15.95,0.59,0.554,4255,-0.16,,очень теплая земля
K,15.95,0.59,0.554,4255,-0.16,,теплый нептун
K,15.95,0.59,0.554,4255,-0.16,,теплый нептун
M,15.41,0.56,0.51,3750,0.08,,очень теплая земля
M,15.41,0.56,0.51,3750,0.08,,теплый нептун
K,15.29,0.7,0.725,4861,-0.08,,горячая земля
K,15.29,0.7,0.725,4861,-0.08,,очень теплый нептун
G2,15.08,1.06,1.43,5751,0.3,,горячая земля
G2,15.08,1.06,1.43,5751,0.3,,горячий нептун
G2,15.08,1.06,1.43,5751,0.3,,горячий нептун
G2,15.08,1.06,1.43,5751,0.3,,очень теплый гигант
G2,15.08,1.06,1.43,5751,0.3,,очень теплый нептун
K,15.21,0.74,0.763,4914,0.12,,очень теплый нептун
K,15.21,0.74,0.763,4914,0.12,,теплый нептун
G,15.5,1.03,1.07,5800,-0.24,,горячая земля
G,15.5,1.03,1.07,5800,-0.24,,горячий нептун
G,15.5,1.03,1.07,5800,-0.24,,горячий нептун
G,15.5,1.03,1.07,5800,-0.24,,очень теплая земля
K,15.66,0.753,0.74,4985,0.09,,горячая земля
K,15.66,0.753,0.74,4985,0.09,,очень теплый нептун
K,15.39,0.671,0.67,4699,-0.24,,очень теплый нептун
K,15.39,0.671,0.67,4699,-0.24,,теплый нептун
K,15.38,0.72,0.85,5020,0.1,,очень теплый нептун
K,15.38,0.72,0.85,5020,0.1,,очень теплый нептун
G,15.09,0.89,0.84,5228,0.24,,горячий нептун
G,15.09,0.89,0.84,5228,0.24,,очень теплая земля
G,15.6,0.91,0.803,5554,-0.19,,горячий нептун
G,15.6,0.91,0.803,5554,-0.19,,очень теплый нептун
G,15.6,0.91,0.803,5554,-0.19,,очень теплый нептун
K0,15.6,0.8,0.795,5100,0.03,,горячая земля
K0,15.6,0.8,0.795,5100,0.03,,очень теплый нептун
K0,15.6,0.8,0.795,5100,0.03,,очень теплый нептун
K0,15.6,0.8,0.795,5100,0.03,,очень теплый нептун
G,15.02,0.86,0.83,5206,0.14,,горячий нептун
G,15.02,0.86,0.83,5206,0.14,,очень теплая земля
K,15.07,0.773,0.77,5100,0.17,,горячая земля
K,15.07,0.773,0.77,5100,0.17,,очень теплый нептун
K,15.07,0.773,0.77,5100,0.17,,очень теплый нептун
G,15.26,0.915,0.83,5190,0.34,,горячий нептун
G,15.26,0.915,0.83,5190,0.34,,очень теплый нептун
M,15.23,0.506,0.48,3568,0.02,,очень теплая земля
M,15.23,0.506,0.48,3568,0.02,,очень теплая земля
F,10.73,1.19,1.31,6270,-0.04,11,горячий нептун
F,10.73,1.19,1.31,6270,-0.04,11,горячий нептун
F,10.73,1.19,1.31,6270,-0.04,11,очень теплый гигант
G,15.46,0.8,0.805,5160,0.06,,горячая земля
G,15.46,0.8,0.805,5160,0.06,,очень теплый нептун
G,15.46,0.8,0.805,5160,0.06,,очень теплый нептун
G5 V,15.22,0.91,0.89,5526,-0.18,,горячая земля
G5 V,15.22,0.91,0.89,5526,-0.18,,очень теплый нептун
G5 V,15.22,0.91,0.89,5526,-0.18,,очень теплый нептун
G5 V,15.22,0.91,0.89,5526,-0.18,,теплый нептун
K,15.06,0.52,0.55,4208,-0.19,,очень теплая земля
K,15.06,0.52,0.55,4208,-0.19,,очень теплый нептун
G,15.53,0.808,0.79,5208,0.05,,горячая земля
G,15.53,0.808,0.79,5208,0.05,,очень теплый нептун
G,15.53,0.808,0.79,5208,0.05,,очень теплый нептун
G0,15.84,1.02,0.91,5957,-0.19,,горячий нептун
G0,15.84,1.02,0.91,5957,-0.19,,очень теплый нептун
G0,15.84,1.02,0.91,5957,-0.19,,очень теплый нептун
G,15.6,0.97,0.93,5573,0.21,,горячая земля
G,15.6,0.97,0.93,5573,0.21,,горячая земля
G,15.6,0.97,0.93,5573,0.21,,очень теплый нептун
G5,15.07,1.02,1.3,5551,0.17,,горячая земля
G5,15.07,1.02,1.3,5551,0.17,,горячий нептун
G5,15.07,1.02,1.3,5551,0.17,,горячий нептун
G5,15.07,1.02,1.3,5551,0.17,,горячий нептун
G,15.47,0.74,1.04,5180,0.32,,горячий нептун
G,15.47,0.74,1.04,5180,0.32,,горячий нептун
G,15.47,0.74,1.04,5180,0.32,,очень теплый нептун
K,15.22,0.8,0.915,4942,0.41,,очень теплый нептун
K,15.22,0.8,0.915,4942,0.41,,очень теплый нептун
G,15.22,1.015,0.9,5938,-0.17,,горячий нептун
G,15.22,1.015,0.9,5938,-0.17,,очень теплый нептун
K8 V,15.47,0.544,0.51,3914,0.015,,горячая земля
K8 V,15.47,0.544,0.51,3914,0.015,,очень теплый нептун
K8 V,15.47,0.544,0.51,3914,0.015,,теплый нептун
G,14.14,0.88,0.86,5250,0,,очень теплый нептун
K,13.56,0.87,0.794,5098,0.03,,очень теплый нептун
K,13.56,0.87,0.794,5098,0.03,,очень теплый нептун
G,14.25,0.986,0.88,5841,-0.12,,очень теплая земля
G,14.25,0.986,0.88,5841,-0.12,,очень теплая земля
G,15.39,0.8,0.785,5265,-0.11,,очень теплый нептун
G,15.39,0.8,0.785,5265,-0.11,,очень теплый нептун
F,13.04,1.32,1.55,6158,0,,очень теплый нептун
F,13.04,1.32,1.55,6158,0,,очень теплый нептун
G,15.38,1.03,1.1,5835,-0.28,,горячая земля
G,15.38,1.03,1.1,5835,-0.28,,очень теплый нептун
G,15.38,1.03,1.1,5835,-0.28,,очень теплый нептун
G,15.38,1.03,1.1,5835,-0.28,,очень теплый нептун
G,15.59,0.99,1.03,5885,0.11,,горячий нептун
G,15.59,0.99,1.03,5885,0.11,,теплый нептун
K,15.44,0.56,0.555,4258,-0.16,,очень теплая земля
K,15.44,0.56,0.555,4258,-0.16,,очень теплый нептун
K,15.44,0.56,0.555,4258,-0.16,,теплый нептун
F9 V,13.7,1.13,1.274,6081,-0.02,,очень теплый нептун
F9 V,13.7,1.13,1.274,6081,-0.02,,очень теплый нептун
G,15.81,0.98,0.96,5847,0.02,,горячий нептун
G,15.81,0.98,0.96,5847,0.02,,горячая земля
G,15.86,,0.92,5399,0.09,,очень теплый нептун
G,15.86,,0.92,5399,0.09,,очень теплый гигант
F9,13.91,1.17,1.46,6067,0.11,,горячий нептун
F9,13.91,1.17,1.46,6067,0.11,,очень теплая земля
G5 V,13.4,0.925,0.88,5524,-0.2,,горячая земля
G5 V,13.4,0.925,0.88,5524,-0.2,,горячая земля
G,14.68,0.79,0.93,5297,-0.16,,горячая земля
G,14.68,0.79,0.93,5297,-0.16,,горячая земля
G,14.68,0.79,0.93,5297,-0.16,,очень теплый нептун
G,14.97,0.916,0.815,5626,-0.48,,горячая земля
G,14.97,0.916,0.815,5626,-0.48,,горячая земля
F,15.04,,1.01,6023,-0.19,,горячий нептун
F,15.04,,1.01,6023,-0.19,,горячая земля
F,15.32,1.24,1.38,6165,-0.07,,горячий нептун
F,15.32,1.24,1.38,6165,-0.07,,горячий нептун
F,15.32,1.24,1.38,6165,-0.07,,очень теплый нептун
F,15.37,1.1,1.046,6105,0.01,,очень теплый нептун
F,15.37,1.1,1.046,6105,0.01,,очень теплый нептун
F,15.37,1.1,1.046,6105,0.01,,очень теплый нептун
G0,13.42,1.12,1.48,6040,0.06,,горячий нептун
G0,13.42,1.12,1.48,6040,0.06,,очень теплый нептун
K0 IV,11.58,1.08,2.935,4991,0.28,,горячий нептун
K0 IV,11.58,1.08,2.935,4991,0.28,,очень теплый нептун
F,13.66,1.1,1.75,6363,-0.2,,горячий нептун
F,13.66,1.1,1.75,6363,-0.2,,очень теплый нептун
F,13.66,1.1,1.75,6363,-0.2,,очень теплый нептун
K,15.5,0.75,0.7,4590,0.34,,очень теплый нептун
K,15.5,0.75,0.7,4590,0.34,,очень теплый нептун
G,14.47,0.91,0.886,5744,-0.17,,горячая земля
G,14.47,0.91,0.886,5744,-0.17,,горячий нептун
G,15.77,0.98,0.9,5723,0.01,,очень теплый нептун
G,15.77,0.98,0.9,5723,0.01,,очень теплый нептун
G,15.2,0.97,0.904,5602,-0.37,,горячая земля
G,15.2,0.97,0.904,5602,-0.37,,очень теплая земля
G,15.2,0.97,0.904,5602,-0.37,,очень теплый нептун
G,15.2,0.97,0.904,5602,-0.37,,очень теплый нептун
K,15.85,0.596,0.566,4351,-0.2,,очень теплый нептун
G,15.82,0.923,0.814,5615,-0.14,,очень теплый нептун
G,15.82,0.923,0.814,5615,-0.14,,очень теплый нептун
G,15.17,0.85,0.808,5411,-0.06,,горячая земля
G,15.17,0.85,0.808,5411,-0.06,,горячая земля
G,15.59,1.03,0.863,5580,-0.35,,горячая земля
G,15.59,1.03,0.863,5580,-0.35,,горячая земля
G,15.59,1.03,0.863,5580,-0.35,,горячая земля
G,15.59,1.03,0.863,5580,-0.35,,очень теплая земля
G,14.78,0.93,1.032,5806,-0.08,,очень теплый нептун
G,14.78,0.93,1.032,5806,-0.08,,очень теплый нептун
G,15.15,0.89,1.09,5918,-0.22,,горячая земля
G,15.15,0.89,1.09,5918,-0.22,,очень теплый нептун
G,15.15,0.89,1.09,5918,-0.22,,очень теплый нептун
G0 V,13.96,1.24,1.16,5930,-0.06,,очень теплый нептун
G3 V,15.5,0.98,0.93,5701,0.017,,очень теплый нептун
G3 V,15.5,0.98,0.93,5701,0.017,,очень теплый нептун
G,15.6,0.8,0.743,5147,-0.06,,очень теплый нептун
G,15.6,0.8,0.743,5147,-0.06,,очень теплый нептун
F,15.93,1.03,1.02,6002,0.07,,горячий нептун
F,15.93,1.03,1.02,6002,0.07,,горячая земля
G8 V,15.96,0.88,0.826,5299,-0.09,,горячая земля
G8 V,15.96,0.88,0.826,5299,-0.09,,горячая земля
G8 V,15.96,0.88,0.826,5299,-0.09,,горячий нептун
G8 V,15.96,0.88,0.826,5299,-0.09,,очень теплый нептун
G8 V,15.96,0.88,0.826,5299,-0.09,,очень теплый нептун
G,15.37,1.01,0.96,5804,0.13,,очень теплый нептун
G,15.37,1.01,0.96,5804,0.13,,очень теплый нептун
G,15.84,0.994,0.976,5913,0,,горячая земля
G,15.84,0.994,0.976,5913,0,,горячий нептун
G,14.45,0.885,0.9,5603,-0.33,,очень теплая земля
G,14.45,0.885,0.9,5603,-0.33,,очень теплая земля
G,14.45,0.885,0.9,5603,-0.33,,очень теплая земля
M,15.92,0.5,0.48,3740,-0.08,,очень теплый нептун
M,15.92,0.5,0.48,3740,-0.08,,очень теплая земля
M,15.92,0.5,0.48,3740,-0.08,,теплый нептун
G4 V,14.23,1.07,0.915,5619,-0.22,,очень теплый нептун
G4 V,14.23,1.07,0.915,5619,-0.22,,очень теплый гигант
K,15.42,0.65,0.582,4465,-0.24,,очень теплая земля
K,15.42,0.65,0.582,4465,-0.24,,очень теплая земля
G4 V,15.02,0.97,1.03,5617,-0.02,,горячая земля
G4 V,15.02,0.97,1.03,5617,-0.02,,горячий нептун
G4 V,15.02,0.97,1.03,5617,-0.02,,очень теплая земля
G4 V,15.02,0.97,1.03,5617,-0.02,,очень теплая земля
G5 V,15.5,0.99,0.95,5498,0.18,2,очень теплый нептун
G5 V,15.5,0.99,0.95,5498,0.18,2,очень теплый гигант
G,14.2,0.94,0.9,5986,-0.24,,горячая земля
G,14.2,0.94,0.9,5986,-0.24,,очень теплый нептун
G,14.27,0.91,0.9,5815,-0.18,,горячая земля
G,14.27,0.91,0.9,5815,-0.18,,горячая земля
G,14.27,0.91,0.9,5815,-0.18,,очень теплая земля
G2 V,15.51,1.021,1.22,5740,,,очень теплый нептун
K8 V,14.39,0.59,0.485,3944,-0.36,,очень теплая земля
K8 V,14.39,0.59,0.485,3944,-0.36,,очень теплая земля
K,14.84,0.8,0.687,4731,0.02,,горячая земля
K,14.84,0.8,0.687,4731,0.02,,горячий нептун
K,14.84,0.8,0.687,4731,0.02,,очень теплый нептун
K,14.84,0.8,0.687,4731,0.02,,очень теплый нептун
K,15.81,0.76,0.794,5100,0.03,,горячая земля
K,15.81,0.76,0.794,5100,0.03,,горячий нептун
K,15.81,0.76,0.794,5100,0.03,,очень теплый нептун
K,15.81,0.76,0.794,5100,0.03,,очень теплый нептун
K,15.57,0.82,0.72,4954,-0.1,,горячая земля
K,15.57,0.82,0.72,4954,-0.1,,очень теплый нептун
K,15.57,0.82,0.72,4954,-0.1,,очень теплый нептун
K,15.57,0.82,0.72,4954,-0.1,,теплый нептун
G8 V,14.07,0.907,0.814,5367,0.017,,очень теплый нептун
G8 V,14.07,0.907,0.814,5367,0.017,,очень теплый нептун
G,15.81,0.997,0.94,5895,-0.11,,горячий нептун
G,15.81,0.997,0.94,5895,-0.11,,очень теплый нептун
K,15.16,0.666,0.72,4713,0.2,,очень теплая земля
F,15.2,1.21,1.22,6340,-0.08,,горячая земля
F,15.2,1.21,1.22,6340,-0.08,,очень теплый нептун
F,15.2,1.21,1.22,6340,-0.08,,очень теплый нептун
G,14.28,0.85,0.876,5797,-0.3,,очень теплая земля
G,14.28,0.85,0.876,5797,-0.3,,очень теплый нептун
G,14.28,0.85,0.876,5797,-0.3,,теплый нептун
G,13.8,1.06,1.19,5905,-0.09,,горячая земля
G,13.8,1.06,1.19,5905,-0.09,,очень теплая земля
F,12.95,1.23,1.467,6115,0.05,,горячая земля
F,12.95,1.23,1.467,6115,0.05,,горячий нептун
G2,14.17,0.9,1.536,5727,0.21,,горячая земля
G2,14.17,0.9,1.536,5727,0.21,,горячий нептун
G,12.56,1.02,0.95,5378,0.26,,горячая земля
G,12.56,1.02,0.95,5378,0.26,,горячий нептун
G2 V,15.32,0.78,1.04,5796,-0.25,,очень теплый нептун
G2 V,15.32,0.78,1.04,5796,-0.25,,теплый нептун
K,15.22,0.53,0.52,4204,-0.48,,горячая земля
K,15.22,0.53,0.52,4204,-0.48,,очень теплая земля
G,15.38,0.95,0.94,5497,0.26,,горячий нептун
G,15.38,0.95,0.94,5497,0.26,,горячая земля
G2 V,13.3,1.05,1.19,5746,0.19,,горячий нептун
G2 V,13.3,1.05,1.19,5746,0.19,,горячий нептун
G5 V,13.83,1.29,0.903,5526,-0.08,,горячая земля
G5 V,13.83,1.29,0.903,5526,-0.08,,горячий нептун
G5 V,13.83,1.29,0.903,5526,-0.08,,очень теплый нептун
M1 V,15.8,0.54,0.53,3793,0.01,2,горячая земля
M1 V,15.8,0.54,0.53,3793,0.01,2,очень теплая земля
M1 V,15.8,0.54,0.53,3793,0.01,2,очень теплый нептун
M1 V,15.8,0.54,0.53,3793,0.01,2,очень теплый нептун
M1 V,15.8,0.54,0.53,3793,0.01,2,теплый нептун
F,13.47,,1.11,6435,-0.24,,горячий нептун
F,13.47,,1.11,6435,-0.24,,горячая земля
G3 V,12.71,1.01,1.194,5740,0.06,,горячая земля
G3 V,12.71,1.01,1.194,5740,0.06,,горячий нептун
G8 V,13.53,0.91,0.89,5388,0.06,,горячая земля
G8 V,13.53,0.91,0.89,5388,0.06,,горячая земля
G0 V,12.72,1.09,1.18,5987,-0.19,,горячая земля
G0 V,12.72,1.09,1.18,5987,-0.19,,горячая земля
G9 V,14.12,0.86,0.84,5194,0.08,,горячая земля
G9 V,14.12,0.86,0.84,5194,0.08,,очень теплая земля
G,15.01,0.78,1,5752,-0.17,,горячий нептун
G,15.01,0.78,1,5752,-0.17,,очень теплый нептун
G,15.01,0.78,1,5752,-0.17,,очень теплый нептун
K0 V,13.69,0.98,0.8,5105,0.05,,горячая земля
K0 V,13.69,0.98,0.8,5105,0.05,,горячая земля
K0 V,13.69,0.98,0.8,5105,0.05,,очень теплая земля
K7 V,15.02,0.55,0.492,3799,-0.2,,очень теплая земля
K7 V,15.02,0.55,0.492,3799,-0.2,,очень теплая земля
F,15.67,1.15,1.08,6210,0.09,,очень теплый нептун
F,15.67,1.15,1.08,6210,0.09,,очень теплый нептун
K,15.43,0.53,0.52,4257,-0.57,,очень теплая земля
G0,13.99,1.26,1.66,5947,0.14,4.2,горячая земля
G0,13.99,1.26,1.66,5947,0.14,4.2,горячий нептун
G0,13.99,1.26,1.66,5947,0.14,4.2,горячий нептун
G0,13.99,1.26,1.66,5947,0.14,4.2,очень теплый нептун
G0,13.99,1.26,1.66,5947,0.14,4.2,очень теплый нептун
K,15.26,0.78,0.722,5117,-0.1,,очень теплая земля
K,15.26,0.78,0.722,5117,-0.1,,очень теплая земля
K,15.86,0.51,0.492,4347,-0.85,,очень теплая земля
K,15.86,0.51,0.492,4347,-0.85,,очень теплая земля
K1 V,14.02,0.8,0.72,4955,-0.1,,очень теплая земля
K,14.73,0.54,0.534,4259,-0.47,,очень теплая земля
G1 V,12.78,1,1.068,5828,-0.08,,горячая земля
G1 V,12.78,1,1.068,5828,-0.08,,горячая земля
G1 V,12.78,1,1.068,5828,-0.08,,очень теплая земля
G0,14,0.99,1.85,5877,0.23,,горячий нептун
G0,14,0.99,1.85,5877,0.23,,очень теплый нептун
G1 V,13.6,0.89,1.304,5867,0.16,,горячая земля
G1 V,13.6,0.89,1.304,5867,0.16,,горячий нептун
G1 V,13.6,0.89,1.304,5867,0.16,,очень теплый нептун
G,12.73,0.96,1.76,5684,0.02,,горячая земля
G,12.73,0.96,1.76,5684,0.02,,горячий нептун
G0,12.12,1.1,1,5923,-0.07,,горячая земля
G0,12.12,1.1,1,5923,-0.07,,горячий нептун
G0,12.12,1.1,1,5923,-0.07,,горячий нептун
G0,12.12,1.1,1,5923,-0.07,,очень теплый нептун
G,14.53,0.84,0.8,5631,-0.24,,горячая земля
G,14.53,0.84,0.8,5631,-0.24,,горячая земля
G,14.53,0.84,0.8,5631,-0.24,,очень теплая земля
F,12.35,2.11,1.85,6620,-0.02,,горячий нептун
F,12.35,2.11,1.85,6620,-0.02,,горячий нептун
F,14.6,0.94,1.024,6012,-0.14,,горячая земля
F,14.6,0.94,1.024,6012,-0.14,,горячая земля
F,14.6,0.94,1.024,6012,-0.14,,очень теплая земля
F,14.6,0.94,1.024,6012,-0.14,,очень теплая земля
F8 V,13.15,1.13,1.47,6175,-0.04,,горячая земля
F8 V,13.15,1.13,1.47,6175,-0.04,,горячий нептун
F8 V,13.15,1.13,1.47,6175,-0.04,,очень теплая земля
F8 V,13.15,1.13,1.47,6175,-0.04,,очень теплый нептун
G1 V,14.13,1.04,1.433,5807,0.13,,горячий нептун
G1 V,14.13,1.04,1.433,5807,0.13,,очень теплый нептун
G,15.38,0.9,0.976,5774,-0.1,,очень теплый нептун
G,15.38,0.9,0.976,5774,-0.1,,теплый нептун
K5 V,14.03,0.59,0.62,4504,-0.02,,очень теплая земля
K5 V,14.03,0.59,0.62,4504,-0.02,,очень теплая земля
F,15.21,0.97,1.021,6033,-0.03,,горячий нептун
F,15.21,0.97,1.021,6033,-0.03,,очень теплый нептун
F,14.51,1.04,1.005,6088,-0.07,,горячая земля
F,14.51,1.04,1.005,6088,-0.07,,очень теплая земля
F8 V,12.56,1.15,1.36,6177,-0.06,,горячая земля
F8 V,12.56,1.15,1.36,6177,-0.06,,горячая земля
G,14.75,0.97,0.927,5956,-0.09,,горячая земля
G,14.75,0.97,0.927,5956,-0.09,,очень теплая земля
F8 V,13.78,1,1.534,6186,-0.09,,горячая земля
F8 V,13.78,1,1.534,6186,-0.09,,горячий нептун
F8 V,13.78,1,1.534,6186,-0.09,,очень теплый нептун
G,15.99,0.89,0.854,5643,-0.13,,очень теплый нептун
G,15.99,0.89,0.854,5643,-0.13,,очень теплый нептун
G8 V,12.96,0.79,0.78,5212,-0.14,,очень теплая земля
G8 V,12.96,0.79,0.78,5212,-0.14,,очень теплая земля
M0 V,15.77,0.54,0.504,3903,-0.2,,очень теплая земля
M0 V,15.77,0.54,0.504,3903,-0.2,,очень теплая земля
K,15.55,0.65,0.674,4648,-0.04,,очень теплая земля
K,15.55,0.65,0.674,4648,-0.04,,очень теплая земля
K,15.55,0.65,0.674,4648,-0.04,,очень теплая земля
F,15.09,1.05,1.066,6184,-0.05,,горячая земля
F,15.09,1.05,1.066,6184,-0.05,,очень теплый нептун
F8 V,12.99,0.97,1.335,6133,-0.02,,горячая земля
F8 V,12.99,0.97,1.335,6133,-0.02,,горячая земля
K,15.57,0.78,0.834,5036,0.05,,горячая земля
K,15.57,0.78,0.834,5036,0.05,,очень теплый нептун
K,15.57,0.78,0.834,5036,0.05,,очень теплый нептун
G,15.38,0.95,0.954,5908,-0.03,,очень теплый нептун
G,15.38,0.95,0.954,5908,-0.03,,очень теплый нептун
F,15.89,1.07,1.09,6248,-0.04,,очень теплый нептун
F,15.89,1.07,1.09,6248,-0.04,,очень теплый нептун
F,15.89,1.07,1.09,6248,-0.04,,очень теплый нептун
G0,11.87,1.071,1.626,5911,,7,горячая земля
G0,11.87,1.071,1.626,5911,,7,горячий нептун
F,14.87,0.95,1.06,6053,-0.12,,горячая земля
F,14.87,0.95,1.06,6053,-0.12,,горячий нептун
F8 V,13.57,1.07,1.343,6169,-0.04,,горячая земля
F8 V,13.57,1.07,1.343,6169,-0.04,,очень теплая земля
G,14.5,0.77,0.72,5788,-0.72,,очень теплая земля
G,14.5,0.77,0.72,5788,-0.72,,очень теплая земля
G5,13.35,1.23,1.485,5593,0.34,,горячая земля
G5,13.35,1.23,1.485,5593,0.34,,горячая земля
G5,13.35,1.23,1.485,5593,0.34,,горячий нептун
F,13.66,1.2,1.284,6108,-0.11,,очень теплая земля
F,13.66,1.2,1.284,6108,-0.11,,очень теплый нептун
F,14.65,0.99,1.05,6012,-0.05,,горячий нептун
F,14.65,0.99,1.05,6012,-0.05,,очень теплая земля
F,14.84,1.05,1.05,6209,-0.08,,горячая земля
F,14.84,1.05,1.05,6209,-0.08,,горячая земля
G,12.85,0.71,2.02,5502,0.08,,очень теплый нептун
G,12.85,0.71,2.02,5502,0.08,,очень теплый нептун
M0 V,15.67,0.54,0.471,3591,-0.1,,очень теплая земля
G8 V,9.7,0.8,0.77,5417,-0.32,6,очень теплая земля
G8 V,9.7,0.8,0.77,5417,-0.32,6,очень теплая земля
G,15.2,0.94,0.9,5852,-0.12,,горячая земля
G,15.2,0.94,0.9,5852,-0.12,,очень теплая земля
G,13.87,0.94,0.99,5666,-0.36,,очень теплая земля
G,13.87,0.94,0.99,5666,-0.36,,очень теплая земля
F,14.88,1.15,1.14,6509,-0.14,,горячая земля
F,14.88,1.15,1.14,6509,-0.14,,очень теплый нептун
F,14.88,1.15,1.14,6509,-0.14,,очень теплая земля
G,14.51,0.87,0.845,5787,-0.27,,горячая земля
G,14.51,0.87,0.845,5787,-0.27,,очень теплая земля
G,14.69,0.84,0.911,5977,-0.44,,горячая земля
G,14.69,0.84,0.911,5977,-0.44,,горячая земля
G,14.69,0.84,0.911,5977,-0.44,,горячая земля
G,15.7,0.89,0.837,5826,-0.2,,очень теплая земля
G,15.7,0.89,0.837,5826,-0.2,,очень теплый нептун
G0 V,13.78,1.05,1.175,5900,-0.16,,горячая земля
G0 V,13.78,1.05,1.175,5900,-0.16,,горячая земля
G0,13.86,0.88,1.224,5949,-0.01,,горячая земля
G0,13.86,0.88,1.224,5949,-0.01,,очень теплый нептун
K,12.49,0.69,0.671,4661,0.03,,очень теплая земля
K,12.49,0.69,0.671,4661,0.03,,очень теплая земля
F9 V,13.36,1.08,1.306,6054,0.05,,очень теплая земля
F9 V,13.36,1.08,1.306,6054,0.05,,очень теплый нептун
F,13.65,1.05,1.224,6045,-0.16,,горячая земля
F,13.65,1.05,1.224,6045,-0.16,,горячая земля
F8,10.42,1.34,1.57,6152,-0.18,,горячая земля
F8,10.42,1.34,1.57,6152,-0.18,,горячая земля
G,14.62,0.8,0.945,5600,-0.31,,горячая земля
G,14.62,0.8,0.945,5600,-0.31,,очень теплая земля
K,15.07,0.67,0.672,4710,-0.16,,очень теплая земля
K,15.07,0.67,0.672,4710,-0.16,,очень теплая земля
G,13.58,0.76,0.88,5577,-0.39,,очень теплая земля
G,13.58,0.76,0.88,5577,-0.39,,очень теплая земля
F,15.21,1.09,1.126,6326,-0.03,,горячий нептун
F,15.21,1.09,1.126,6326,-0.03,,горячий нептун
G,15.63,0.74,0.767,5178,-0.23,,очень теплая земля
G,15.63,0.74,0.767,5178,-0.23,,очень теплая земля
G2 V,13.99,1.03,1.05,5774,-0.37,,горячая земля
G2 V,13.99,1.03,1.05,5774,-0.37,,горячая земля
K,14.99,0.59,0.586,4498,-0.33,,очень теплая земля
K,14.99,0.59,0.586,4498,-0.33,,очень теплая земля
G,15.77,0.78,0.79,5376,-0.19,,горячая земля
G,15.77,0.78,0.79,5376,-0.19,,очень теплая земля
G9 V,13.94,0.67,0.776,5166,-0.12,,очень теплая земля
G9 V,13.94,0.67,0.776,5166,-0.12,,очень теплая земля
K1 IV,13.01,1.22,3.57,4940,0,,горячий нептун
K1 IV,13.01,1.22,3.57,4940,0,,горячий нептун
G,13.46,1.13,1.13,5938,-0.29,,горячая земля
G,13.46,1.13,1.13,5938,-0.29,,горячая земля
M0 V,12.19,0.502,0.5,3643,-0.12,,очень теплая земля
F8 V,13.22,1.32,1.38,6189,-0.04,,горячая земля
F8 V,13.22,1.32,1.38,6189,-0.04,,горячая земля
F,14.79,1.11,1.13,6402,-0.13,,горячая земля
F,14.79,1.11,1.13,6402,-0.13,,горячая земля
K,15.99,0.53,0.556,4262,-0.16,,очень теплая земля
G,11.92,0.85,0.99,5579,0.1,,очень теплый нептун
G,11.92,0.85,0.99,5579,0.1,,очень теплый нептун
G8 V,16,0.844,0.767,5307,-0.29,,очень теплый гигант
K,13.26,0.65,0.613,4493,-0.07,,очень теплая земля
K,13.26,0.65,0.613,4493,-0.07,,очень теплая земля
G,14.47,0.927,0.68,5502,-0.83,,очень теплая земля
G,14.47,0.927,0.68,5502,-0.83,,очень теплая земля
G0,12.7,1.223,1.487,5857,0.17,4.5,горячий нептун
F5 IV,14.76,1.48,2.13,6510,0.1,2.8,горячий гигант
G1 V,13.64,1.03,1.145,5886,0.01,,горячая земля
G1 V,13.64,1.03,1.145,5886,0.01,,очень теплая земля
F8 V,13.31,1.2,1.333,6117,-0.04,,горячая земля
F8 V,13.31,1.2,1.333,6117,-0.04,,очень теплый нептун
F9 V,13.27,1.21,1.264,6090,-0.14,,горячая земля
F9 V,13.27,1.21,1.264,6090,-0.14,,горячая земля
F9 V,13.27,1.21,1.264,6090,-0.14,,горячая земля
F9 V,13.27,1.21,1.264,6090,-0.14,,горячая земля
F9 V,12.81,1.14,1.329,6090,0.07,,горячая земля
F9 V,12.81,1.14,1.329,6090,0.07,,горячая земля
F9 V,12.81,1.14,1.329,6090,0.07,,очень теплая земля
G,15.23,0.925,0.884,5654,-0.01,,очень теплая земля
G,15.23,0.925,0.884,5654,-0.01,,очень теплая земля
G,15.86,1.02,0.893,5818,-0.13,,очень теплый нептун
G,15.86,1.02,0.893,5818,-0.13,,очень теплый гигант
G5,12.52,1.07,1.07,5538,0.18,5.84,горячая земля
G5,12.52,1.07,1.07,5538,0.18,5.84,горячая земля
G6 V,12.52,1,1.01,5476,0.33,7.47,горячая земля
F8 V,8.77,1.08,1.23,6104,-0.2,6.68,горячая земля
G6 V,9.44,0.92,0.89,5460,0.08,6.8,очень теплая земля
G2 V,14.47,0.94,0.966,5660,-0.09,7.4,горячий гигант
K2 V,12.3,0.87,0.82,4974,0.23,0.212,горячая земля
K2 V,12.3,0.87,0.82,4974,0.23,0.212,очень теплый нептун
K2 V,12.3,0.87,0.82,4974,0.23,0.212,очень теплый нептун
K2 V,12.3,0.87,0.82,4974,0.23,0.212,теплый нептун
G3 V,13.73,1.17,1.29,5750,0.27,5.1,горячий гигант
G5 V,13.34,0.951,0.933,5536,,5.5,горячая земля
G5 V,13.34,0.951,0.933,5536,,5.5,горячий нептун
K,15.84,0.64,0.61,4350,,,очень теплая земля
K,15.84,0.64,0.61,4350,,,очень теплая земля
G,14.03,1.08,1.12,5708,,,горячий нептун
G,14.03,1.08,1.12,5708,,,горячий нептун
G,15.89,0.95,0.83,5177,,,очень теплый нептун
G,15.89,0.95,0.83,5177,,,очень теплый нептун
G1 V,14.7,0.98,1.09,5820,-0.05,7,горячий гигант
M5 V,16.12,0.141,0.175,3258,-0.5,,очень теплая земля
M5 V,16.12,0.141,0.175,3258,-0.5,,очень теплая земля
M5 V,16.12,0.141,0.175,3258,-0.5,,очень теплая земля
G0,13.64,1.15,1.24,5972,0.23,,горячий гигант
G2 V,14.5,1.07,0.99,5790,0.26,,горячий гигант
G5,14.5,1.01,0.94,5460,0.44,,горячий гигант
K1 V,14.74,0.93,0.86,5170,0.24,5,горячий гигант
G1 V,14.84,0.91,0.92,5725,-0.21,6,горячий гигант
G2 V,14.22,0.96,1.35,5800,-0.19,7,горячий гигант
K1 V,15.22,0.87,0.8,5150,0.09,5,горячий гигант
G0,14,1.32,1.42,6041,0.33,,горячий гигант
G1 V,13.85,1.17,1.48,5884,0.2,,очень теплый нептун
G1 V,13.85,1.17,1.48,5884,0.2,,очень теплая земля
F9 V,11.97,1.07,1.09,6004,0.07,,горячая земля
F9 V,11.97,1.07,1.09,6004,0.07,,горячая земля
F9 V,11.97,1.07,1.09,6004,0.07,,горячая земля
F7 IV,14.95,1.46,2.26,6360,-0.01,2.67,горячий гигант
G0,14.97,1.2,1.38,5997,0.25,4,горячий гигант
F9,14.01,1.54,3.2,6161,-0.18,2.25,горячий гигант
K,15.86,0.73,0.7,4651,0.01,3,теплый нептун
K,14.35,0.71,0.68,4551,0,2.9,теплый нептун
G8 V,14.56,0.884,0.866,5431,0.02,7.2,теплый нептун
G2 V,15.98,1.19,1.52,5757,0.26,6.95,горячий гигант
K0 V,8.86,0.76,0.749,5046,-0.55,11.2,горячая земля
K0 V,8.86,0.76,0.749,5046,-0.55,11.2,очень теплая земля
K0 V,8.86,0.76,0.749,5046,-0.55,11.2,очень теплая земля
M4 V,17.48,0.354,0.35,3219,0.27,5,очень теплая земля
M4 V,17.48,0.354,0.35,3219,0.27,5,теплый нептун
M4 V,16.26,0.22,0.24,3359,-0.3,,очень теплая земля
M4 V,16.26,0.22,0.24,3359,-0.3,,очень теплая земля
G8 V,12.39,1,1.05,5493,0.07,,горячий гигант
G,11.41,0.97,1.47,5588,-0.1,12.1,горячий нептун
G,11.41,0.97,1.47,5588,-0.1,12.1,очень теплый нептун
M,16.88,0.59,0.55,3820,0.13,,очень теплый гигант
F8 V,11.68,1.35,1.57,6215,0.28,,горячая земля
F8 V,11.68,1.35,1.57,6215,0.28,,горячий нептун
F8 V,11.68,1.35,1.57,6215,0.28,,очень теплый гигант
G3 V,11.57,1.03,1.066,5687,0.32,5.25,горячий нептун
K0,15.3,0.902,0.94,5155,0.41,9.9,горячая земля
K0,15.3,0.902,0.94,5155,0.41,9.9,очень теплый гигант
K0,15.3,0.902,0.94,5155,0.41,9.9,очень теплый гигант
G,13.04,0.88,0.89,5194,0.17,,горячая земля
G,13.04,0.88,0.89,5194,0.17,,очень теплый нептун
G,13.04,0.88,0.89,5194,0.17,,очень теплый нептун
K8 V,15.26,0.55,0.52,3838,-0.02,,очень теплая земля
K8 V,15.26,0.55,0.52,3838,-0.02,,очень теплый нептун
K8 V,15.26,0.55,0.52,3838,-0.02,,очень теплый нептун
F,13.37,1.374,1.793,6297,0.04,,горячий гигант
F8 V,10.42,1.24,1.58,6225,0.03,3.8,горячая земля
F8 V,10.42,1.24,1.58,6225,0.03,3.8,горячий нептун
G0,14.67,1.04,0.94,6018,-0.08,,очень теплый гигант
G0,14.67,1.04,0.94,6018,-0.08,,очень теплый гигант
K8 V,15.1,0.54,0.52,4075,-0.29,,очень теплый нептун
K8 V,15.1,0.54,0.52,4075,-0.29,,очень теплая земля
G1 V,15.39,0.98,0.89,5858,-0.2,,горячая земля
G1 V,15.39,0.98,0.89,5858,-0.2,,очень теплый нептун
G1 V,15.39,0.98,0.89,5858,-0.2,,очень теплый нептун
G5 V,11.27,0.89,0.872,5522,-0.15,5.3,теплый нептун
M,15.85,0.51,0.5,3705,-0.04,,очень теплый нептун
M,15.85,0.51,0.5,3705,-0.04,,очень теплая земля
K,15.79,0.62,0.58,4362,-0.2,,горячая земля
K,15.79,0.62,0.58,4362,-0.2,,очень теплая земля
K,15.79,0.62,0.58,4362,-0.2,,очень теплая земля
K,15.79,0.62,0.58,4362,-0.2,,теплый нептун
K,15.79,0.62,0.58,4362,-0.2,,теплый нептун
K,12.44,1.32,4.23,4840,0.2,3.5,горячий нептун
K,12.44,1.32,4.23,4840,0.2,3.5,горячий гигант
G8 V,14.81,0.884,0.79,5324,-0.05,,горячий нептун
G8 V,14.81,0.884,0.79,5324,-0.05,,очень теплая земля
G1 V,14.82,0.95,1.03,5843,-0.12,,горячий нептун
G1 V,14.82,0.95,1.03,5843,-0.12,,очень теплый нептун
F9 V,14.31,1.04,0.94,6074,-0.25,,горячая земля
F9 V,14.31,1.04,0.94,6074,-0.25,,очень теплая земля
G,13.25,1.209,1.391,5647,0.34,3.8,горячий гигант
G0,13.96,1.04,1.257,5905,0.016,,горячая земля
G0,13.96,1.04,1.257,5905,0.016,,горячая земля
G0,13.96,1.04,1.257,5905,0.016,,горячая земля
K2 V,13.75,0.69,0.64,4925,-0.37,7,очень теплая земля
K2 V,13.75,0.69,0.64,4925,-0.37,7,очень теплая земля
K2 V,13.75,0.69,0.64,4925,-0.37,7,очень теплая земля
G5 V,11.58,0.984,0.9,5576,0.05,0.21,горячий гигант
F8 V,11.02,1.25,1.41,6211,0.17,2.9,горячая земля
F8 V,11.02,1.25,1.41,6211,0.17,2.9,горячий нептун
F8 V,11.02,1.25,1.41,6211,0.17,2.9,горячая земля
G0 V,15.3,1.04,0.97,5962,0.01,1,очень теплый нептун
G9 V,16.4,0.865,0.78,5331,0.01,1,очень теплый нептун
G2 V,10,1.08,1.243,5793,0.12,6.3,горячая земля
G2 V,10,1.08,1.243,5793,0.12,6.3,горячая земля
G4 V,13.7,0.81,0.93,5638,-0.29,,очень теплый нептун
G0,12.82,1.36,2.02,5933,0.11,3.5,горячий гигант
G,15.13,0.95,0.86,5595,,,горячий гигант
F,13.3,1.2,1.32,6409,-0.1,,горячий гигант
G5 V,14.45,0.95,0.99,5520,0.2,7.5,горячий гигант
G9 V,11.72,0.76,0.74,5058,-0.18,0.75,горячая земля
F8 V,13.9,1.165,1.3,6174,,3.44,горячий нептун
F8 V,13.9,1.165,1.3,6174,,3.44,очень теплая земля
F8 V,13.9,1.165,1.3,6174,,3.44,очень теплый нептун
F8 V,13.9,1.165,1.3,6174,,3.44,очень теплая земля
F,13.9,1.213,1.486,6213,-0.055,3.84,горячий гигант
K5 V,14.8,0.73,0.68,4540,0.04,2,горячая земля
K5 V,14.8,0.73,0.68,4540,0.04,2,горячая земля
K5 V,14.8,0.73,0.68,4540,0.04,2,очень теплая земля
K5 V,14.8,0.73,0.68,4540,0.04,2,очень теплый нептун
K5 V,14.8,0.73,0.68,4540,0.04,2,очень теплый нептун
K5 V,14.8,0.73,0.68,4540,0.04,2,очень теплая земля
K,15.02,0.63,0.595,4500,-0.18,,очень теплый нептун
K,15.02,0.63,0.595,4500,-0.18,,очень теплый нептун
K,15.02,0.63,0.595,4500,-0.18,,очень теплая земля
G7 V,15.16,0.91,0.9,5400,0.2,6.8,горячая земля
G7 V,15.16,0.91,0.9,5400,0.2,6.8,горячий нептун
G7 V,15.16,0.91,0.9,5400,0.2,6.8,очень теплый нептун
G7 V,15.16,0.91,0.9,5400,0.2,6.8,очень теплый нептун
G7 V,15.16,0.91,0.9,5400,0.2,6.8,теплый нептун
K,15.78,0.66,0.594,4648,-0.25,,очень теплая земля
K,15.78,0.66,0.594,4648,-0.25,,очень теплый нептун
K,15.78,0.66,0.594,4648,-0.25,,очень теплый нептун
G0 V,14.76,1,1.17,6031,-0.18,,горячая земля
G0 V,14.76,1,1.17,6031,-0.18,,горячий нептун
G0 V,14.76,1,1.17,6031,-0.18,,горячий нептун
G0 V,14.76,1,1.17,6031,-0.18,,очень теплый нептун
G0 V,14.76,1,1.17,6031,-0.18,,очень теплый нептун
G,14.78,0.92,0.89,5436,-0.03,,горячая земля
G,14.78,0.92,0.89,5436,-0.03,,очень теплый нептун
G,14.78,0.92,0.89,5436,-0.03,,очень теплая земля
G,14.78,0.92,0.89,5436,-0.03,,очень теплая земля
G5,14.6,1.1,1.82,5600,-0.17,7.5,горячая земля
G5,14.6,1.1,1.82,5600,-0.17,7.5,горячая земля
G5 V,13.11,0.99,0.897,5513,0.27,2.45,эксцентричный холодный гигант
F8 V,12.2,1.28,1.52,6182,0.02,3.16,горячая земля
F8 V,12.2,1.28,1.52,6182,0.02,3.16,горячий нептун
F8 V,12.2,1.28,1.52,6182,0.02,3.16,очень теплый гигант
F8 V,12.2,1.28,1.52,6182,0.02,3.16,очень теплый нептун
G3 V,13.9,1.02,0.96,5774,0.05,2,горячая земля
G3 V,13.9,1.02,0.96,5774,0.05,2,очень теплый гигант
G3 V,13.9,1.02,0.96,5774,0.05,2,очень теплый нептун
F9 V,14.14,1.12,1.29,6015,0.1,,горячая земля
F9 V,14.14,1.12,1.29,6015,0.1,,горячая земля
F9 V,14.14,1.12,1.29,6015,0.1,,очень теплая земля
F9 V,14.14,1.12,1.29,6015,0.1,,очень теплый нептун
F9 V,14.14,1.12,1.29,6015,0.1,,очень теплый нептун
F9 V,14.14,1.12,1.29,6015,0.1,,очень теплый нептун
K3 III,12.88,1.31,6.3,4550,0.11,4.9,горячий гигант
G5,9.93,0.911,0.919,5669,-0.18,6.6,горячая земля
K,12.9,0.81,0.76,4781,0.34,1.4,горячий нептун
G3 V,12.35,1.08,1.41,5699,0.3,5.63,горячий нептун
G3 V,10.3,1,1.02,5690,0.04,2.34,очень теплый нептун
G2 V,12.87,0.94,0.98,5779,-0.2,8.4,горячая земля
G5,12.9,0.99,1.11,5539,0.18,2.8,горячая земля
K,12.97,0.79,0.73,4782,0.18,1.47,горячая земля
M3 V,11.69,0.31,0.314,3412,-0.5,,очень теплая земля
M3 V,11.69,0.31,0.314,3412,-0.5,,очень теплая земля
M5 V,15.26,0.151,0.189,3036,,,очень теплая земля
M0 V,12.49,0.59,0.584,3950,0.41,,очень теплый нептун
M4 V,13.07,0.401,0.374,3331,0.28,,горячая земля
M4 V,13.07,0.401,0.374,3331,0.28,,теплый нептун
K1 V,12.46,0.86,0.832,5050,0.22,3.9,очень теплый гигант
F5 V,10.96,1.62,1.7,6478,-0.06,2.17,горячий гигант
K2 V,13.77,0.66,0.738,4987,0.12,,горячий гигант
K,13.3,0.743,0.776,4645,0,,горячий гигант
G0 V,12.88,1.145,1.27,6007,-0.04,4.08,горячий гигант
K1 V,13.6,0.954,1.115,5219,0.17,12.9,горячий гигант
G2 V,12.82,1.128,1.076,5747,0.38,5.5,горячий гигант
K7 V,11.59,0.71,0.695,4350,0.3,4.1,очень теплый нептун
K7 V,11.59,0.71,0.695,4350,0.3,4.1,очень теплый гигант
G9 V,10.44,0.89,1.01,5225,0.07,12.1,горячий нептун
K5 V,11.95,0.65,0.65,4316,-0.23,7.1,горячая земля
K5 V,11.95,0.65,0.65,4316,-0.23,7.1,очень теплая земля
K5 V,11.95,0.65,0.65,4316,-0.23,7.1,очень теплый нептун
K5 V,11.95,0.65,0.65,4316,-0.23,7.1,очень теплый нептун
K5 V,11.95,0.65,0.65,4316,-0.23,7.1,очень теплый нептун
K5 V,11.95,0.65,0.65,4316,-0.23,7.1,очень теплый нептун
G5 V,11.02,0.95,0.88,5550,-0.02,0.125,горячая земля
G5 V,11.02,0.95,0.88,5550,-0.02,0.125,очень теплый нептун
G5 V,11.02,0.95,0.88,5550,-0.02,0.125,очень теплый нептун
K6 V,10.54,0.74,0.678,4440,0.12,5,горячая земля
K6 V,10.54,0.74,0.678,4440,0.12,5,очень теплая земля
K6 V,10.54,0.74,0.678,4440,0.12,5,очень теплый нептун
K6 V,10.54,0.74,0.678,4440,0.12,5,теплый нептун
K7 V,9.92,0.68,0.665,4552,-0.28,,очень теплая земля
K7 V,9.92,0.68,0.665,4552,-0.28,,очень теплый нептун
G9 V,11.98,0.929,0.92,5375,0.19,6.7,горячий нептун
K0 III,9.86,1.87,6.26,5130,-0.08,1.35,горячий гигант
F6,11.02,1.32,1.7,6420,0.16,,горячий гигант
G1 V,12.9,1.08,1.14,5871,0.1,5.1,горячий гигант
G2 V,12.91,1.26,1.134,5838,0.34,1,горячий гигант
F6,11.09,1.39,1.71,6406,0.16,2.4,горячий гигант
G8,12.54,0.97,1.015,5499,-0.34,11.4,горячий гигант
G1 V,12.79,0.93,0.94,5593,0.21,4.8,горячий гигант
F8 V,11.3,1.129,1.147,6075,0.07,1.6,горячий гигант
G5,11.9,1.04,1.137,5552,0.38,,горячая земля
G5,11.9,1.04,1.137,5552,0.38,,горячий гигант
G5,11.9,1.04,1.137,5552,0.38,,горячий нептун
K3 V,12.19,0.84,0.8,4953,0.22,,горячий гигант
F9 V,10.42,1.213,1.83,6100,-0.27,,горячий гигант
G1 V,11.8,1.01,1.06,5900,-0.2,,горячий гигант
F9 V,11.45,1.14,1.26,6100,0.07,4,горячий гигант
F5 V,10.25,1.47,1.93,6720,-0.07,1.9,горячий гигант
G0,10.52,1.405,1.48,6250,0.43,1.2,горячий гигант
K1 Ve,10.86,1.1,1.19,4749,,0.014,горячий гигант
K2 III,9.58,1.14,32.4,4095,-0.71,5.25,горячий гигант
K3 V,9.86,0.74,,4746,-0.07,4.5,горячий нептун
G4 V,10.08,0.99,1.71,5400,0.5,4.18,горячий гигант
G0 V,13.6,0.95,1.11,5950,-0.3,,горячий гигант
F6 V,12.94,1.27,1.37,6440,-0.03,2,горячий гигант
G2 V,15.52,1.08,1.12,5675,0.16,6.3,горячий гигант
G0 V,15.04,1.09,1.01,5945,0.01,1.64,горячий гигант
F9 V,16.03,1.13,1.21,6035,0.05,0.6,горячий гигант
G2 V,15.46,1.04,1.59,5740,0,10.7,горячий гигант
G9 V,14.99,0.95,1,5440,-0.1,,горячий гигант
F9 V,14.78,1.21,1.65,6090,-0.02,5,горячий гигант
G7 V,12.57,0.97,0.902,5625,0,,горячий гигант
F8 IV,16,1.29,1.945,6200,0,,горячий гигант
G3 V,13.94,1.1,1.136,5939,0.17,3.3,горячий нептун
G0 V,15.63,1.14,1.61,5900,0.05,7.2,горячий гигант
K1 V,15.1,0.91,0.86,4950,0.3,11,горячий нептун
K1 V,15.1,0.91,0.86,4950,0.3,11,очень теплый нептун
F9 V,15,1.09,1.19,6040,-0.01,4.5,горячий гигант
G5,15.8,1.09,1.79,5590,0.01,8.6,горячий гигант
G2 V,15.54,1.05,1.08,5900,0.1,4.2,горячий гигант
G8 IV,13.78,1.01,1.78,5150,0.15,12,горячий гигант
K0 V,15.56,0.97,0.9,5260,0.2,4.5,горячий гигант
F8 V,13.7,1.1,1.14,6190,0.05,1,горячий гигант
F9 V,14,1,1.186,6100,-0.25,6.9,горячий гигант
F9 V,13.9,1.055,1.025,6090,-0.2,,горячий гигант
K0 V,11.7,0.93,0.87,5275,0.03,1.5,горячая земля
K0 V,11.7,0.93,0.87,5275,0.03,1.5,горячий нептун
K0 V,11.7,0.93,0.87,5275,0.03,1.5,очень теплый нептун
K1 V,14.8,0.88,0.77,5080,0.3,1.5,очень теплый гигант
M4 V,13.49,0.18,0.21,3270,-0.12,5,очень теплая земля
M5 V,13.84,0.172,0.2,3250,0.2,6,очень теплая земля
"M2,5 V",12.19,0.38,0.39,3458,0.1,3.9,горячая земля
M4 V,13.67,0.178,0.192,3236,-0.04,,теплый нептун
M2 V,10.89,0.406,0.413,3556,,,теплый нептун
M3.5 V,9.87,0.29,0.29,3382,0.09,,очень теплая земля
M0 V,10.98,0.681,0.5,3717,-0.3,,горячая земля
M0 V,10.98,0.681,0.5,3717,-0.3,,очень теплая земля
M1.5 V,12.27,0.527,0.5,3622,0.18,3,очень теплый нептун
"M2,5 V",11.95,0.45,0.43,,,,очень теплый нептун
M4 V,13.01,0.27,0.28,3324,0,,очень теплый нептун
M1 V,10.83,0.5,0.49,3722,-0.16,,очень теплая земля
M1.5 V,9.79,0.48,,3600,-0.22,,очень теплая земля
"M2,5 V",10.68,0.445,0.449,3479,-0.32,6,горячая земля
M3.5 Ve,11.5,0.45,,,,,теплый нептун
"M2,5 V",9.38,0.35,,3600,-0.28,0.55,очень теплый нептун
M0.5 V,9.97,0.55,0.54,3816,-0.15,,теплый нептун
M0.5 V,9.83,0.57,0.56,3837,-0.14,,теплый нептун
K6 V,10.25,0.606,0.602,4305,-0.5,10,горячая земля
K6 V,10.25,0.606,0.602,4305,-0.5,10,очень теплая земля
K6 V,10.25,0.606,0.602,4305,-0.5,10,очень теплый нептун
M3 V,13.55,,,,,0.1,горячий гигант
G0 V,10.4,1.15,1.174,5980,0.13,3.6,горячий гигант
K4 V,12.84,0.69,0.68,4665,-0.2,5.3,горячий гигант
G4 V,10.62,1.26,1.73,5638,0.43,5,горячий гигант
F5 V,9.98,1.386,1.47,6600,0.11,1.3,горячий гигант
G5,12.16,1.013,1.08,5568,0.22,6.8,горячий гигант
F8 V,10.8,1.22,1.24,6158,0.17,2,горячий гигант
K2 V,12.76,0.77,0.75,4800,0.1,12.4,очень теплый гигант
K1 V,12.9,0.84,0.82,4990,0.23,8.8,горячий гигант
K3 V,11.34,0.756,0.694,4595,0.35,6.7,горячий гигант
G5 V,9.73,0.94,1.06,5314,0.3,9.6,горячий гигант
G0 V,11.94,1.13,1.2,5905,0.15,4,горячий гигант
F8 V,11.82,1.19,1.32,6373,-0.16,2.8,горячий гигант
G5 V,13.19,1.01,0.96,5500,0.31,3.2,горячий гигант
K1 V,11.74,0.816,0.79,5079,-0.04,9,горячий нептун
G3 V,13.03,1.025,1.1,5680,0.12,6.1,горячий гигант
F8 V,11.9,1.207,1.22,6087,0.21,2.2,горячий гигант
K,11.86,0.925,0.85,5190,0.24,2.6,горячий гигант
G0,11.29,1.18,1.39,6000,-0.16,3.8,горячий гигант
F,11.89,1.4,1.78,6400,0.05,2.4,горячий гигант
G0,12.46,1.236,1.435,6096,0.11,3.5,горячий гигант
G,12.26,1.02,1.096,5580,0.26,6.6,горячий гигант
G,13.23,0.93,0.87,5500,0.03,3.6,горячий гигант
F,12.42,1.404,1.625,6430,0.19,2,горячий гигант
F,11.2,1.26,1.59,5860,0.24,4.2,горячий гигант
F,11.7,1.51,2.206,6080,0.22,2.7,горячий гигант
F,11.09,1.418,1.683,6390,0.21,2.2,горячий гигант
G2 V,12.17,1.18,1.53,5743,0.27,5.1,горячий гигант
G4 V,13.36,1.05,1.1,5645,0.23,5.7,горячий гигант
G8,13.21,0.94,0.98,5295,0.33,8.9,горячий гигант
F7 V,12.79,1.26,1.32,6330,0.07,2,горячий гигант
F8 V,11.94,1.28,1.4,6120,0.3,2.5,горячий гигант
F8 V,11.94,1.28,1.4,6120,0.3,2.5,очень теплый гигант
F,10.69,1.39,1.515,6703,0,1.5,горячий гигант
F9 V,12.16,1.1,1.22,5946,0.02,4.7,горячий гигант
F,10.33,1.54,1.83,6820,0.07,1.5,горячий гигант
G0,12,1.163,1.137,5960,0.24,1.7,горячий гигант
K7 V,13.5,0.645,0.617,4390,-0.13,3.9,очень теплый гигант
G1 V,13.21,1.013,1.011,5808,-0.03,4.2,горячий гигант
G0,12.97,1.03,1.53,6078,-0.22,7.1,горячий гигант
G3 V,11.88,1.01,1.104,5678,0.22,7.3,горячий гигант
F,10.5,1.29,1.46,6570,-0.13,2.3,горячий гигант
F8,9.71,1.435,2.2,6212,0.04,2.76,горячий гигант
G5 V,13.19,1,0.938,5587,0.19,2.6,горячий гигант
G4 V,12.44,1.02,1.17,5629,0.41,8.1,горячий гигант
G7 V,13.75,0.925,0.966,5400,0.25,9,горячий гигант
F5 V,12.77,1.3,1.735,6457,-0.11,2.88,горячий гигант
G2,13.15,1.21,1.86,5835,0.1,5.46,горячий гигант
G0,12.99,1.26,1.88,6002,0.04,4.66,горячий гигант
F,10.07,1.64,2.55,6406,-0.08,1.24,горячий гигант
K5 V,13.94,0.68,0.67,4508,-0.06,11.1,горячий гигант
A,9.77,1.7,1.854,7724,-0.06,1.27,горячий гигант
F6 V,10.5,1.47,1.84,6350,0.26,2.2,горячий гигант
A2 V,9.47,1.89,1.86,8450,-0.06,0.6,горячий гигант
F7 V,10.17,1.28,1.58,6200,0.01,3.4,горячий гигант
F,12.3,1.28,1.32,6350,0.12,1.6,горячий гигант
G0,12.05,0.986,1.04,5870,-0.06,6,горячий гигант
G1 V,13.11,1.1,1.11,5880,0.15,3.3,горячий гигант
G5 V,13.89,0.96,0.89,5523,0.05,2.5,горячий гигант
G8 V,13.79,0.967,0.933,5346,0.33,4.9,горячий гигант
G1 V,12.39,1.13,1.09,5846,0.3,2.1,очень теплый гигант
G,14.07,1.04,1.02,5600,0.28,4.2,горячий гигант
G0,13.03,1.3,1.75,5896,0.24,3.94,горячий гигант
K,13.6,0.88,0.89,5227,0.15,9.7,горячий гигант
G9 V,13.77,0.91,0.89,5406,0.03,6.4,горячий гигант
G4 V,12.19,1.08,1.02,5695,0.3,2.3,горячий гигант
K,13.46,0.76,0.69,4803,0,,очень теплый гигант
G2 V,13.9,1.12,1.12,5780,0.28,4.2,горячий гигант
F7 V,12.83,1.21,1.17,6346,0,0.88,горячий гигант
F,12.44,1.3,1.73,6325,-0.14,3.1,горячий гигант
F9,13.11,1.28,1.87,6050,0,4.3,горячий гигант
G3 V,14.38,1.1,1.1,5700,0.39,3.5,горячий гигант
G4 V,11.91,1.06,1.02,5659,0.29,3,горячий гигант
G9 V,13.85,0.955,0.98,5380,0.25,7.7,горячий гигант
F,12.56,1.32,1.43,6300,0.21,2.13,горячий гигант
F,12.75,1.38,1.62,6572,0,2.06,горячий гигант
G,13.46,1,0.925,5403,0.43,2.1,горячий гигант
F,13.38,1.56,2.26,6460,0.01,2.07,горячий гигант
F,12.68,1.5,1.71,6424,0.47,1.34,горячий гигант
F9,13.62,1.27,1.48,6060,0.22,3.26,горячий гигант
K,14.83,0.674,0.656,4512,-0.11,8.1,очень теплый гигант
K,14.35,0.728,0.715,4546,0.19,12,горячий гигант
K,15,0.713,0.698,4405,0.21,10.5,очень теплый гигант
G8 V,12.63,0.94,0.87,5304,0.19,3.6,горячий гигант
G0,14.03,1.17,1.12,5990,0.3,1.2,горячий гигант
G2,12.47,1.19,1.44,5758,0.3,4.74,горячий гигант
F9 V,13.67,1.111,1.046,6010,0.22,1.2,горячий гигант
G4 V,14.14,0.964,1.1,5644,0.01,9,горячий гигант
F8 V,13.47,1.196,1.126,6214,0.11,0.4,горячий гигант
F5 IV,11.58,1.573,2.201,6536,0.19,1.89,горячий гигант
G4 V,12.34,1.026,0.96,5587,0.27,2.5,горячий гигант
F,11.55,1.461,1.433,7175,,0.31,горячий гигант
G3 V,13.95,1.04,1.036,5670,0.18,4.3,горячий гигант
G,12.64,1.1,1.46,5690,0.33,7.53,горячий гигант
G5,13.23,1.075,1.667,5541,0.24,8.93,горячий гигант
G8 V,14.02,0.911,0.923,5435,0.14,8,горячий гигант
G4 V,13.89,0.93,1.07,5626,0.08,10.4,горячий гигант
F6,12.92,1.56,2.11,6560,0.21,1.86,горячий гигант
F8 V,12.5,1.27,1.296,6276,0.23,1.42,горячий гигант
F,14.1,1.406,1.85,6606,-0.03,2.29,горячий гигант
F,13.65,1.44,1.44,6605,0.34,0.44,горячий гигант
F8,12.28,1.34,1.77,6122,0.16,3.14,горячий гигант
K1 V,13.95,0.892,0.879,5137,0.38,8,горячий гигант
K2 V,13.34,0.85,0.815,4985,0.25,7.8,горячий нептун
K,12.47,0.731,0.721,4656,0.1,12.2,очень теплый гигант
G3 V,14.03,1.06,1.09,5679,0.21,5.1,горячий нептун
G9 III,6.45,2.4,9.3,4861,0.15,,очень теплый гигант
G1 V,7.33,1.06,,5911,0.08,4.3,горячий нептун
G1 V,7.33,1.06,,5911,0.08,4.3,горячая земля
G1 V,7.33,1.06,,5911,0.08,4.3,очень теплый нептун
G1 V,7.33,1.06,,5911,0.08,4.3,очень теплый нептун
G1 V,7.33,1.06,,5911,0.08,4.3,очень теплая земля
G1 V,7.33,1.06,,5911,0.08,4.3,теплый нептун
G6 V,7.47,1.03,1.27,5672,0.3,12.6,очень теплый нептун
G8 V,8.06,0.89,0.837,5291,0.05,2.4,горячий гигант
K0,8.71,1.9,10.1,4908,-0.26,,горячий гигант
K0 III,8.02,1.68,4.4,5054,0.19,2.3,горячий гигант
K1 V,9.41,0.9,,5303,0.21,9.1,очень теплый нептун
K3 V,9.49,0.794,0.73,5017,-0.02,3.8,горячий гигант
F9,6.55,1.28,2.22,6072,-0.19,3.68,эксцентричный холодный гигант
K2 V,7.93,0.79,,4969,-0.06,4.33,теплый нептун
G9 III,5.79,1.6,10.87,4786,-0.35,2.95,очень теплый гигант
G0 V,7.36,1.05,1.05,5896,-0.04,3,эксцентричный холодный гигант
K2 III,5.88,1.2,17.1,4501,-0.43,4.6,очень теплый гигант
G5,8.01,1.12,,5797,0.31,5.6,очень теплый гигант
G3 V,9.24,0.87,0.877,5660,-0.28,6.7,горячая земля
G3 V,9.24,0.87,0.877,5660,-0.28,6.7,горячий нептун
G3 V,9.24,0.87,0.877,5660,-0.28,6.7,очень теплый нептун
G3 V,9.24,0.87,0.877,5660,-0.28,6.7,очень теплый нептун
G3 V,9.24,0.87,0.877,5660,-0.28,6.7,очень теплый нептун
K0,7.89,1.85,5.6,4956,0.2,1.8,очень теплый гигант
G5,8.76,1,1.22,5407,0.14,7.26,эксцентричный холодный гигант
G0 V,8.77,1.01,1.02,5844,0.1,,очень теплый гигант
G5,8.05,1.047,1.41,5783,0.1,7.3,очень теплый нептун
G3 IV,8.1,1.2,,5610,0.25,10.3,горячий гигант
G8 V,7.61,0.78,,5494,-0.36,5.2,эксцентричный холодный гигант
G4 IV,4.85,1.364,2.2,5574,0.19,,эксцентричный холодный гигант
G0 V,7.51,1.24,1.33,6055,0.29,2.4,эксцентричный холодный гигант
K2 III,5.66,1.4,14.8,4469,-0.11,3.7,очень теплый гигант
F8 V,8.17,1.01,1.03,5920,0.05,,очень теплый гигант
K4 V,9.03,0.756,,4908,0.02,7.1,очень теплый нептун
G6 V,7.44,1.02,1.11,5748,0.36,6.39,эксцентричный холодный гигант
G8 V,8.8,0.99,,,0.25,,эксцентричный холодный гигант
G0 V,8.45,0.97,,5885,0.18,6.4,эксцентричный холодный гигант
G6 IV,6.85,1,,,,,горячий нептун
K1 V,8.71,0.86,0.82,5240,0.18,6.45,эксцентричный холодный гигант
G2,10,1.04,1.59,5799,-0.03,8.3,горячая земля
K2 V,8.38,0.8,,,,,очень теплый нептун
F8 V,7.51,1.29,1.67,6255,0.01,2.9,горячий гигант
K4 III,5.98,1.35,11.47,4700,-0.13,3.07,очень теплый гигант
K0,7.2,1.14,1.46,5360,0.18,,очень теплый гигант
G2 V,7.25,1.03,0.99,5879,0.12,2.32,эксцентричный холодный гигант
K0 V,7.7,0.99,0.705,5382,0.19,13.3,эксцентричный холодный гигант
F7 V,6.75,1.51,1.62,6380,0.15,,горячий гигант
G0 V,5.41,0.99,1.36,5627,-0.31,9,очень теплый гигант
G0 V,5.41,0.99,1.36,5627,-0.31,9,очень теплый нептун
K0 III,6.57,1.9,9.9,4757,-0.14,,очень теплый гигант
G0 V,6.64,1.08,1.095,5765,0.19,6.3,горячий нептун
G0 V,6.64,1.08,1.095,5765,0.19,6.3,очень теплая земля
F8 V,7.69,1.22,1.21,6308,0.29,,эксцентричный холодный гигант
G0 IV,8.15,1.3,1.5,6147,0.36,2,горячий гигант
G0 IV,7.9,1.1,,5730,0.26,7.6,горячий гигант
K0,8.52,1.61,4.5,5049,0.09,2.4,очень теплый гигант
G6 V,9.18,1.02,,,0.16,,эксцентричный холодный гигант
K0,8.54,0.927,4.8,5155,-0.46,12,очень теплый гигант
K3 V,8.42,0.772,0.72,4850,0.05,8.6,очень теплая земля
G0 V,8.65,1.125,1.12,6123,0.05,1.25,горячий гигант
G2 V,7.08,0.99,,5790,-0.04,,очень теплый нептун
K2 V,9.7,0.8,,,-0.18,,эксцентричный холодный гигант
G9 V,6.99,0.926,0.946,5390,0.18,9.6,очень теплая земля
G9 V,6.99,0.926,0.946,5390,0.18,9.6,теплый нептун
K1 III,5.97,1.64,4.3,5020,0.05,2.2,очень теплый гигант
G8 III,6,1.08,9.7,4851,-0.67,5.3,горячий гигант
G5,7.95,0.88,1.12,5610,-0.06,3.75,горячий гигант
F8 V,5.9,1.4,1.84,6266,0.21,4.95,эксцентричный холодный гигант
G8 V,8.66,0.92,,5467,0.17,7,эксцентричный холодный гигант
G5 IV,8.01,1.1,,,0.19,,эксцентричный холодный гигант
G6 V,8.61,0.74,0.71,5392,-0.62,10.3,очень теплый нептун
K2.5 V,8.45,0.79,0.782,4931,0.03,4.3,очень теплая земля
K2.5 V,8.45,0.79,0.782,4931,0.03,4.3,очень теплый нептун
G5,7.98,1.07,1.14,5650,0.28,5.2,очень теплый гигант
G5 IV,7.95,1.09,1.48,5724,0.29,,горячий нептун
F8 V,6.25,1.18,1.23,6168,0.22,2,горячий гигант
G1 V,7.86,0.92,,5781,-0.53,,эксцентричный холодный гигант
K0 III,5.89,1.35,4.9,4971,-0.17,2.76,очень теплый гигант
K0 III,5.89,1.35,4.9,4971,-0.17,2.76,очень теплый гигант
G0 V,7.22,1.22,,6075,0.05,3.3,эксцентричный холодный гигант
G5 V,7.86,1.04,1.143,5815,0.12,5.33,горячий гигант
K1 V,7.67,0.8,0.788,4980,-0.03,0.6,горячий гигант
G6 IV,5.71,1.04,1.2,5588,0.24,12,очень теплый нептун
G0,8.09,1.14,1.38,6010,0.3,2.9,эксцентричный холодный гигант
G9 V,8.97,0.81,0.94,5348,-0.15,8.7,горячий нептун
G9 V,8.97,0.81,0.94,5348,-0.15,8.7,очень теплый нептун
G9 V,8.97,0.81,0.94,5348,-0.15,8.7,очень теплый нептун
K2 V,7.79,0.81,0.75,4965,-0.2,0.57,очень теплый гигант
G8 IV,6.44,1.68,4.25,5220,-0.15,1.8,очень теплый гигант
G3 IV,6.91,1.06,1.38,5787,0.08,5.33,очень теплый гигант
G3 V,7.5,1.17,1.29,5874,0.23,3.17,эксцентричный холодный гигант
G5 III,6.51,1.34,1.73,,0.23,5.8,эксцентричный холодный гигант
G8 V,8.39,0.875,0.94,5495,0.04,,очень теплый нептун
G5,8.23,1.12,1.33,5780,0.19,5.2,эксцентричный холодный гигант
G2 IV,9.01,0.98,1.21,5947,0.1,5.28,эксцентричный холодный гигант
G5 V,7.99,1.045,,5767,0.18,3.4,очень теплый нептун
G5 V,7.99,1.045,,5767,0.18,3.4,эксцентричный холодный гигант
K0 V,8.48,0.7,0.85,5256,-0.11,,горячая земля
K0 V,8.48,0.7,0.85,5256,-0.11,,очень теплая земля
K0 V,8.48,0.7,0.85,5256,-0.11,,очень теплый нептун
G8 V,4.26,0.85,0.9,5490,-0.38,14,очень теплая земля
M1 III,6.4,1.6,51,4035,-0.09,2,горячий гигант
K3 IV,9.92,0.78,0.79,4795,0.04,4.5,эксцентричный холодный гигант
G0 V,7.65,1.15,1.146,6075,0.02,4,горячий гигант
K1 III,5.93,1.85,4.72,5010,0.12,1.4,очень теплый гигант
G5,8.59,1.03,1.13,5652,0.17,,эксцентричный холодный гигант
G8 IV,7.6,1.15,5,5121,-0.21,6,очень теплый гигант
K3 V,8.13,0.77,0.73,4935,-0.1,,очень теплая земля
K3 V,8.13,0.77,0.73,4935,-0.1,,очень теплая земля
G0 V,6.63,1.1,,,,,очень теплый нептун
K3 V,8.97,0.87,,5113,0.23,7,горячая земля
K3 V,8.97,0.87,,5113,0.23,7,эксцентричный холодный гигант
G4 IV,6.06,1.06,,5636,0.25,12.96,эксцентричный холодный гигант
G8 V,7.95,0.8,0.9,5430,0,,очень теплый нептун
G8 V,7.95,0.8,0.9,5430,0,,очень теплый нептун
G8 IV,6.16,1.11,1.5,5704,0.39,7.32,горячий гигант
K3 V,5.57,0.81,0.778,4699,0.11,11,горячая земля
K3 V,5.57,0.81,0.778,4699,0.11,11,очень теплая земля
K3 V,5.57,0.81,0.778,4699,0.11,11,очень теплый нептун
K3 V,5.57,0.81,0.778,4699,0.11,11,теплый нептун
K3 V,5.57,0.81,0.778,4699,0.11,11,теплый нептун
K0 III,8.94,1,2.9,4820,-0.04,,эксцентричный холодный гигант
G7 V,9.9,0.92,1.03,5527,0.04,10,горячий нептун
G0 IV,8.04,1.23,1.7,5891,0.19,5.8,горячий нептун
M2 III,6.4,1.2,49.7,3935,-0.25,4.5,горячий гигант
F9 V,7.09,1.16,,5940,0.09,4.4,эксцентричный холодный гигант
G2 IV,8.23,1.33,1.7,6037,0.34,2,очень теплый гигант
G2 V,8.58,1.13,,5927,0.34,7.1,эксцентричный холодный гигант
F8 V,8.97,1.14,1.35,6208,0.07,4.9,очень теплый гигант
K5 III,10.4,1.5,10.9,4791,-0.36,2.4,горячий гигант
F8 IV,7.24,1.27,2.09,5888,0.32,6.89,эксцентричный холодный гигант
K3 III,8.33,1.25,,4290,-0.18,,очень теплый гигант
G5,9.44,0.93,,5192,0.16,3,горячий гигант
F2 IV,9.59,1.44,1.57,6801,0.02,1.3,горячий гигант
K2 V,9.36,0.8,,4875,0.3,3.9,очень теплый гигант
K2 V,9.36,0.8,,4875,0.3,3.9,очень теплый нептун
F8,9.38,1.26,1.446,6120,0,1.1,горячая земля
F8,9.38,1.26,1.446,6120,0,1.1,очень теплый нептун
F8,9.38,1.26,1.446,6120,0,1.1,очень теплый нептун
K5 V,10.47,0.734,0.656,4503,0.13,0.625,очень теплый гигант
K0,8.54,1.74,6.2,5076,-0.11,1.8,очень теплый гигант
K0 III,5.93,2.55,12,4844,0,,очень теплый гигант
G8 V,8.41,0.95,1.12,5320,0.19,,эксцентричный холодный гигант
F8 V,5.77,1.23,1.53,5994,0.29,3.6,эксцентричный холодный гигант
G2 V,7.49,0.96,1.05,5898,-0.17,,очень теплый нептун
G2 V,7.49,0.96,1.05,5898,-0.17,,очень теплый нептун
K1 III,6.44,1.13,10.22,4580,-0.15,5.8,горячий гигант
G5,9.36,0.95,,,0.03,6.2,горячий гигант
K0 III,7.96,1.52,4.17,5025,0.06,2.72,очень теплый гигант
K0 III,7.96,1.52,4.17,5025,0.06,2.72,очень теплый гигант
G0,7.31,1.07,1.38,5836,0.14,8.5,эксцентричный холодный гигант
K0 V,8.08,0.8,,,,,очень теплая земля
K2 V,7.17,0.77,,4956,-0.31,4.5,горячая земля
K2 V,7.17,0.77,,4956,-0.31,4.5,очень теплая земля
K2 V,7.17,0.77,,4956,-0.31,4.5,очень теплый нептун
K2 V,7.17,0.77,,4956,-0.31,4.5,очень теплая земля
K1 V,8.65,0.7,,5035,-0.09,1.64,эксцентричный холодный гигант
G4 V,6.84,1.015,1,5727,-0.09,,теплый нептун
G5,7.83,1.72,4.9,5035,0.14,2,очень теплый гигант
K0 III,6.77,1.8,18.2,4440,0.1,1.8,очень теплый гигант
G1 V,6.37,1.03,1.03,5869,0.04,,горячий нептун
G1 V,6.37,1.03,1.03,5869,0.04,,очень теплый нептун
G5 IV,7.88,1.02,1.27,5754,0.29,5.59,эксцентричный холодный гигант
G9 V,8.1,0.83,,5312,0.29,,очень теплый гигант
G5 V,7.8,0.99,,5675,0.23,,горячий нептун
G5 V,7.8,0.99,,5675,0.23,,эксцентричный холодный гигант
G0 IV,7.21,1.31,1.42,6099,0.38,2.4,эксцентричный холодный гигант
F8 V,6.86,1.04,1.02,5987,-0.04,2.16,эксцентричный холодный гигант
G7 V,8.17,0.8,0.88,5358,-0.07,,очень теплый нептун
G7 V,8.17,0.8,0.88,5358,-0.07,,теплый нептун
G0 V,7.93,1.29,1.52,6012,0.37,2.64,эксцентричный холодный гигант
G5,8.25,1.91,8.7,4907,-0.02,1.5,очень теплый гигант
K4 V,9.37,0.8,,4841,0.11,1,горячий гигант
G9 V,8.1,0.865,,5432,-0.16,4.77,эксцентричный холодный гигант
G5 V,8.58,0.933,0.96,5534,0.07,6.8,горячий нептун
G5 V,8.58,0.933,0.96,5534,0.07,6.8,очень теплый нептун
G8 III,7.44,1.18,5.44,5066,-0.21,,очень теплый гигант
K2 III,4.39,1.1,22,4323,-0.32,6.84,горячий гигант
F8 V,8.05,1.36,1.55,6330,0.25,1.45,эксцентричный холодный гигант
G0 V,8.21,1.2,1.14,5767,0.24,6.78,горячий гигант
K1 III,5.77,1.43,7.72,4842,0.05,,очень теплый гигант
K0 V,5.95,0.86,0.895,5385,-0.05,7,очень теплый нептун
K0 V,5.95,0.86,0.895,5385,-0.05,7,очень теплый нептун
G2 V,7.46,0.95,1.36,5926,-0.02,6.5,эксцентричный холодный гигант
G5 V,8.9,0.89,1.04,5317,0.03,7.4,эксцентричный холодный гигант
G0,7.62,1.24,1.345,6068,0.13,3.7,эксцентричный холодный гигант
G0 V,6.35,1.05,1.25,6120,0.29,4.96,горячий гигант
K3 IV,7.85,1.41,3.3,4917,0.25,4,эксцентричный холодный гигант
G6 V,8.13,1,1.33,5726,0.14,4.51,горячий гигант
K0 V,8.63,0.93,0.88,5370,0.35,4,горячий нептун
K0 V,7.18,0.83,0.782,5075,-0.15,,горячий нептун
K0 V,7.18,0.83,0.782,5075,-0.15,,очень теплый нептун
G5,8.03,1.06,,5740,0.24,2.7,эксцентричный холодный гигант
G1 V,8.45,1.08,1.06,5837,0.17,,эксцентричный холодный гигант
G2 V,7.72,0.97,0.86,5700,-0.16,1.8,эксцентричный холодный гигант
K0 III,5.41,2.1,13,4753,-0.36,,горячий гигант
K0 V,8.23,1,0.98,5460,0.35,2.64,горячий гигант
G2 V,7.93,1.02,1.053,5863,0.02,4.6,горячий нептун
F7 V,7.42,1.42,1.88,6210,0.2,2.24,эксцентричный холодный гигант
G5 IV,8.01,1.18,1.943,5438,0.33,9.56,горячий гигант
A,7.36,1.6,,,,0.017,горячий гигант
K1 V,8.6,0.76,0.86,5212,0.04,5.1,очень теплый нептун
K0,8.37,1.02,4.5,5148,-0.3,9,очень теплый гигант
G0 V,6.54,0.94,,,,,горячий нептун
K1 V,7.7,0.77,0.741,5170,-0.23,,очень теплый нептун
K0 III,8.21,1.3,4.5,4992,-0.02,4,очень теплый гигант
K2 V,7.58,0.85,0.78,4929,0.3,4.8,очень теплый нептун
G5 V,9.63,0.78,0.82,5180,-0.26,,эксцентричный холодный гигант
G5,8.52,0.99,1,5485,0.26,,горячий гигант
F8,8.93,1.16,1.273,6320,-0.1,3.1,горячий нептун
F8,8.93,1.16,1.273,6320,-0.1,3.1,очень теплый нептун
F8,8.93,1.16,1.273,6320,-0.1,3.1,очень теплый нептун
F8,8.93,1.16,1.273,6320,-0.1,3.1,теплый нептун
F8,8.93,1.16,1.273,6320,-0.1,3.1,теплый нептун
K5 V,10.21,0.78,,4962,0.1,6,эксцентричный холодный гигант
K5 V,8.96,0.73,0.68,4640,0.09,7.87,очень теплый нептун
K5 V,8.96,0.73,0.68,4640,0.09,7.87,очень теплый гигант
K5 V,8.96,0.73,0.68,4640,0.09,7.87,эксцентричный холодный гигант
K0,9.42,0.93,0.79,5460,0.25,,очень теплый гигант
G2,9.88,1.22,1.38,5675,,0.017,горячий гигант
M3 V,11.34,0.49,,3191,0.4,,эксцентричный холодный гигант
G5 V,8.65,0.95,1,5519,0.23,2.4,горячий гигант
K0 V,9.85,0.898,0.836,5198,0.27,,очень теплый нептун
K0 V,9.85,0.898,0.836,5198,0.27,,очень теплый нептун
G0,10.7,1.11,1.21,5948,0.09,4.5,горячий гигант
G0,11.19,1.18,1.48,6003,0.05,4.6,горячий гигант
A,9.23,1.64,1.645,7454,-0.02,0.65,горячий гигант
F4 V,10.12,1.52,1.91,6670,0.09,1.9,горячий гигант
F8 V,9.8,1.28,1.48,6304,0.05,3,горячий гигант
F8 IV,10.38,1.13,1.53,6272,-0.27,4.9,горячий гигант
F8 IV,10.38,1.13,1.53,6272,-0.27,4.9,эксцентричный холодный гигант
M1 V,11,0.62,0.6,3800,0.04,,горячая земля
K5 V,11.91,0.97,,,,0.002,горячий гигант
M6 V,16.9,0.139,0.182,2960,-0.09,,очень теплая земля
M6 V,16.9,0.139,0.182,2960,-0.09,,теплый нептун
M3 V,11.22,0.249,0.276,3300,-0.34,,очень теплая земля
G8 V,9.76,1.02,0.949,5480,0.25,2,горячий нептун
K1 V,17.4,0.87,0.82,5000,,,горячий гигант
M0 V,15.52,0.62,0.57,3916,0,,очень теплый гигант
K5 V,14.34,0.7,0.697,4600,-0.02,10.4,горячий гигант
G,12.38,1.02,1.59,5690,-0.03,9.4,горячий гигант
G2,12.7,1.3,1.79,5819,0.25,4.23,горячий гигант
K1 V,13.24,0.9,0.842,5187,0.1,5.9,горячий нептун
G6 V,14.56,0.995,0.95,5600,0.15,,горячий гигант
G7 V,14.36,1,1.21,5550,0.35,10.3,горячий гигант
G4 V,14.33,1.025,1.34,5650,0.15,9.2,горячий гигант
G5 V,14.54,1,1.39,5610,0.15,10.8,горячий гигант
K3 V,15.62,0.72,0.86,4660,-0.26,10,горячий гигант
F9 V,14.01,1.01,1.24,6057,-0.26,6.4,горячий гигант
G2 IV,13.19,1.26,1.64,5820,0.27,4.8,горячий гигант
K0 V,14.27,0.91,0.86,5321,0.12,3.5,горячий гигант
G6 V,14.64,1.02,0.93,5600,0.12,,горячий гигант
K0 V,13.14,0.75,0.84,5143,-0.28,,горячий нептун
K,14.09,0.788,0.656,4410,0.11,9.6,горячий гигант
G,14.93,1.18,1.16,6075,0.28,1.1,горячий гигант
G,15.55,0.82,0.831,5070,0.12,1.1,горячий гигант
K,14.42,0.78,0.765,4752,0.14,0.7,горячий гигант
F,15.72,1.26,1.34,6210,0.37,,горячий гигант
G0,16.84,1.14,1.14,5924,0.37,,горячий гигант
F,14.3,1.33,1.64,6325,0.11,,горячий гигант
G,16.6,1.17,1.32,,,2,горячий гигант
F3 V,13.97,1.52,1.53,6933,-0.05,0.66,горячий гигант
K5 V,17.94,0.7,0.59,4400,-0.03,,очень теплый гигант
нейтронная звезда,,1.4,,,,1,горячая земля
нейтронная звезда,,1.4,,,,1,горячая земля
нейтронная звезда,,1.4,,,,1,горячая земля
F8 V,10.52,1.234,1.167,6174,0.27,0.578,горячий гигант
G9 V,12.15,0.935,0.827,5300,0.18,0.578,горячий гигант
K,12.84,0.85,0.8,4910,0.2,4,горячий гигант
F7 V,12.88,1.16,1.254,6124,0.02,3.2,горячий гигант
F4 V,13.03,1.409,1.564,6387,0.28,1,горячий гигант
G0 V,11.53,1.03,1.315,5738,0.03,8.3,горячий гигант
K5 V,14.13,0.72,0.696,4309,0.25,7.5,горячий гигант
G,19.83,1.1,1.45,,,,горячий гигант
K7e,12.41,1.04,1.17,4620,,0.017,очень теплый гигант
K3 III,12.15,1.21,3.23,4694,0.53,7.2,горячий нептун
G9 V,10.25,0.94,0.84,5328,0.14,2.5,горячий нептун
G9 V,10.25,0.94,0.84,5328,0.14,2.5,очень теплый нептун
K3 V,10.95,0.748,0.726,4734,0.05,,очень теплый нептун
K3 V,10.95,0.748,0.726,4734,0.05,,очень теплый нептун
M0 V,12.75,0.604,0.581,3875,-0.08,5.5,горячая земля
G2 V,9.53,1.02,0.97,5770,0.07,0.7,горячая земля
G2 V,9.53,1.02,0.97,5770,0.07,0.7,горячий нептун
G2 V,9.53,1.02,0.97,5770,0.07,0.7,очень теплый нептун
G2 V,9.53,1.02,0.97,5770,0.07,0.7,очень теплый нептун
G2 V,9.53,1.02,0.97,5770,0.07,0.7,очень теплый нептун
G2 V,9.53,1.02,0.97,5770,0.07,0.7,очень теплый нептун
F9 IV,10.58,1.38,1.9,5990,,2.6,горячий гигант
M2 V,12.09,0.51,0.508,3476,0.05,0.7,очень теплый нептун
M0.5 V,11.5,0.63,0.62,3997,0.33,,очень теплая земля
K8 V,12.79,0.59,0.58,4089,0.31,,горячая земля
K8 V,12.79,0.59,0.58,4089,0.31,,очень теплый нептун
K0 V,11.63,0.87,0.86,5151,0.17,,горячий нептун
K0 V,11.63,0.87,0.86,5151,0.17,,горячий нептун
K0 V,11.63,0.87,0.86,5151,0.17,,очень теплый нептун
K0 V,11.63,0.87,0.86,5151,0.17,,очень теплый нептун
K0 V,11.02,0.86,0.848,5320,-0.02,6.8,горячая земля
K0 V,11.02,0.86,0.848,5320,-0.02,6.8,горячий нептун
K0 V,11.02,0.86,0.848,5320,-0.02,6.8,очень теплый нептун
K4 V,12.08,0.74,0.71,4775,-0.5,4.8,горячий гигант
K6 V,11.88,0.67,0.67,4227,-0.1,6.7,очень теплый нептун
K6 V,11.88,0.67,0.67,4227,-0.1,6.7,очень теплый нептун
K6 V,11.88,0.67,0.67,4227,-0.1,6.7,очень теплый нептун
M2 V,12.94,0.44,0.423,3536,-0.12,7.9,теплый нептун
K1 V,10.92,0.96,0.92,5300,0.36,0.245,горячий гигант
K1 V,11.02,0.85,0.79,4985,0.17,3.65,очень теплый нептун
G5,11.37,1.17,1.664,5603,0.44,6.9,горячий гигант
G0,11.89,1.44,1.412,5889,0.49,1.6,горячий гигант
G8 V,11.29,0.97,0.9,5397,0.16,6.3,горячий нептун
F7 V,9.44,1.46,1.925,6274,0.12,2.33,горячий гигант
F+M,11.7,1.13,1.345,6050,0.01,4.4,очень теплый гигант
G2 V,10.62,0.98,1.02,5840,-0.09,5.1,очень теплый нептун
G2 V,10.62,0.98,1.02,5840,-0.09,5.1,очень теплый нептун
M3 V,12.1,0.34,0.344,3496,-0.04,,очень теплая земля
M3 V,12.1,0.34,0.344,3496,-0.04,,теплый нептун
G6 V,10.72,0.95,1.05,5595,0.08,9.2,горячий гигант
F8,11.39,1.35,1.526,6255,0.28,2.35,горячий гигант
F8 V,10.86,1.085,1.245,6520,-0.05,4.8,горячий гигант
F0 V,8.95,1.79,1.95,7300,-0.1,,горячий гигант
G9 IV,12.73,0.95,1.167,5404,0.24,12.8,горячий гигант
G0 V,10.66,1.52,2.19,5948,0.33,2.64,горячий гигант
M2 V,13.24,0.502,0.45,3550,0.23,,горячая земля
G4 V,10.22,1,1.07,5542,0.26,,горячий нептун
F7 V,9.89,1.21,1.316,6170,0.09,2.53,очень теплый гигант
M3 V,12.28,0.495,0.492,3434,-0.13,1.3,горячая земля
G1 V,12.36,1.15,1.29,5880,0.24,4.7,горячий гигант
K1 V,11.45,0.84,0.82,5066,0.12,,горячий нептун
M1 V,12.14,0.513,0.515,3690,0,,очень теплый нептун
G5 V,9.62,0.984,0.968,5665,0.1,4.2,очень теплый нептун
M0 V,12.4,0.646,0.624,3975,0.09,7.1,очень теплый нептун
M0 V,13.86,0.58,0.55,3985,-0.26,,очень теплая земля
M0 V,13.86,0.58,0.55,3985,-0.26,,очень теплый нептун
M0 V,13.86,0.58,0.55,3985,-0.26,,очень теплый нептун
M0 V,10.84,0.606,0.597,4065,0.05,4.5,очень теплый нептун
K3 V,9.97,0.76,0.69,4830,-0.03,0.3,горячая земля
K1 V,11.19,0.78,0.74,4994,0.27,,очень теплый нептун
G2 V,10.9,1.04,1.51,5734,0.14,11,горячий гигант
F8,9.81,1.46,2.02,6230,,2.5,горячий гигант
G4 V,10.98,1.07,1.113,5607,0.41,5.1,горячий нептун
G4 V,10.98,1.07,1.113,5607,0.41,5.1,горячий гигант
F8 V,11.55,1.15,1.237,6250,-0.06,0.45,горячий гигант
K0 V,9.14,0.85,0.761,5187,-0.03,0.204,очень теплый нептун
K0 V,9.14,0.85,0.761,5187,-0.03,0.204,очень теплый нептун
K0 V,9.14,0.85,0.761,5187,-0.03,0.204,очень теплый нептун
M4 V,15.81,0.231,0.235,3300,-0.03,,очень теплая земля
M4 V,15.81,0.231,0.235,3300,-0.03,,теплый нептун
F6,10.27,1.45,1.7,6530,0.07,1.8,горячий гигант
M4 V,14.32,0.34,0.34,3342,0.03,4.6,теплый нептун
K1 V,12.32,0.755,0.76,5026,0.32,,очень теплый гигант
K1 V,12.32,0.755,0.76,5026,0.32,,очень теплый гигант
G0,12.3,1.53,2.9,5966,0.14,2.3,горячий гигант
G3 V,11.95,1.03,1.043,5634,0.14,4.5,горячий нептун
K0 V,10.42,0.825,0.86,5298,-0.22,10.1,очень теплый нептун
K8 V,12.17,0.823,0.794,5144,0.04,7.5,очень теплый гигант
K8 V,12.17,0.823,0.794,5144,0.04,7.5,очень теплый гигант
F9,11.42,1.3,1.546,6101,0.18,3.3,горячий гигант
F8,11.66,1.34,1.573,6248,0.12,2.5,горячий гигант
K3 III,11.23,1.33,3.22,4780,0.39,4.9,горячий гигант
G8 V,13.02,0.954,0.886,5306,0.34,3.5,горячий гигант
G5,11.49,1.13,1.75,5607,0.19,7.5,горячий гигант
G1 V,11.2,1.12,1.26,5905,0.17,3.6,горячий нептун
K1 V,13.4,0.85,0.785,5096,0.14,4,очень теплый гигант
G5,12.21,1.13,1.686,5611,0.24,7.6,горячий гигант
G2 V,12.82,1.06,1.095,5771,0.19,4.4,горячий гигант
F9 V,11.69,1.16,1.336,6100,-0.15,10.8,горячий гигант
K3 III,10.92,1.19,4.1,4800,0.1,5.9,горячий гигант
M3 V,12.62,0.386,0.378,3506,-0.2,,очень теплая земля
M3 V,12.62,0.386,0.378,3506,-0.2,,очень теплый нептун
M3 V,12.62,0.386,0.378,3506,-0.2,,теплый нептун
G2 V,12.36,1.06,1.07,5764,0.24,4,горячий гигант
G3 V,11.96,0.98,1.23,5721,-0.02,9.5,горячий гигант
G1 V,12.6,1.135,1.265,5910,0.23,4.7,горячий гигант
G4 V,12.44,0.94,1.073,5691,0.01,9.8,горячий гигант
G2,12.03,1.12,1.67,5760,0.09,7,горячий гигант
M4 V,14.46,0.394,0.37,3389,0.26,,очень теплый гигант
G4 V,11.75,1.02,0.95,5609,0.15,2.1,горячий гигант
G3 V,11.29,1.19,1.42,5706,0.39,5.4,горячий гигант
G1 V,11.67,1.08,1.23,5810,0.18,6,горячий гигант
M1 V,14.63,0.63,0.6,3870,0.4,7,очень теплый гигант
G9 V,12.03,0.87,0.791,5321,0.07,3,очень теплый гигант
M2 V,15.24,0.53,0.51,3660,0.1,2.9,очень теплый гигант
M0 V,14.8,0.64,0.62,3913,0,7.1,очень теплый гигант
M2 V,14.08,0.52,0.5,3576,0.1,8,очень теплый нептун
G2,11.86,1.18,1.47,5772,0.28,5.6,горячий гигант
G1 V,12.41,1.24,1.54,5859,0.27,4.5,горячий гигант
M4 V,14.25,0.281,0.304,3269,0.23,,очень теплый нептун
G3 V,12.31,1.09,1.39,5725,0.19,7.5,горячий гигант
F9 V,12.11,1.18,1.11,6060,0.24,0.8,горячий гигант
F8 V,11.4,1.31,1.44,6202,0.18,2.1,горячий гигант
F8,11.81,1.32,1.82,6128,0.2,3.5,горячий гигант
G9 V,9.93,0.85,0.871,5325,-0.02,9.4,горячий нептун
G9 V,9.93,0.85,0.871,5325,-0.02,9.4,очень теплый нептун
G0,11.88,1.54,2.31,6000,0.29,2.4,горячий гигант
M0 V,12.67,0.63,0.599,3901,,,очень теплый нептун
M0 V,12.67,0.63,0.599,3901,,,очень теплый нептун
F8 V,10.94,1.19,1.29,6219,0.1,2.9,очень теплый гигант
F9 V,11.54,1.24,1.41,6058,0.21,3.3,горячий гигант
G2,10.04,1.14,1.66,5735,0.26,6.7,горячий гигант
F8 V,11.93,1.24,1.4,6300,0.12,5.4,горячий гигант
M3 V,14.43,0.335,0.35,3322,0.27,6,очень теплый гигант
M4 V,16.88,0.392,0.394,3430,0,,очень теплый гигант
M0.5 V,15.4,0.53,0.54,3659,0.38,,очень теплый гигант
M0 V,14.4,0.64,0.612,3957,0.34,7.1,очень теплый нептун
G3 V,12.4,0.89,1.058,5700,-0.21,10.8,очень теплый гигант
G0 V,11.16,1.03,1.23,5925,-0.07,6.8,горячий гигант
G6 V,10.25,0.785,0.849,5455,-0.33,,горячая земля
G6 V,10.25,0.785,0.849,5455,-0.33,,очень теплый нептун
G6 V,10.25,0.785,0.849,5455,-0.33,,очень теплый нептун
G6 V,10.25,0.785,0.849,5455,-0.33,,теплый нептун
G4 V,11.18,1,1.088,5640,0.14,7.3,горячий гигант
F2 V,10.82,1.45,1.732,6850,-0.1,1.7,горячий гигант
F6 V,8.99,1.31,1.415,6400,0.09,0.9,горячий гигант
F5 V,10.51,1.53,2.08,6460,0.02,2,горячий гигант
M2 V,14.2,0.42,0.42,3514,0.17,5.5,очень теплый нептун
M2 V,13.1,0.415,0.421,3459,-0.07,,теплый нептун
K4 V,10.84,0.733,0.674,4622,-0.02,0.8,теплый нептун
K4 V,10.84,0.733,0.674,4622,-0.02,0.8,теплый нептун
G6 V,9.44,0.96,0.95,5585,-0.04,4.4,горячая земля
G6 V,10.16,0.92,0.897,5450,0.01,6.2,горячий нептун
G6 V,10.16,0.92,0.897,5450,0.01,6.2,очень теплый нептун
M1 V,11.54,0.544,0.538,3709,-0.2,7.8,очень теплая земля
K4 V,11.15,0.71,0.695,4616,-0.09,7.5,горячий нептун
F8 V,11.45,1.28,1.39,6261,0.24,2.2,горячий гигант
G5 V,11.19,0.97,0.918,5570,0.14,3.4,горячий гигант
K5 V,11.27,0.734,0.671,4435,0.18,,горячий нептун
K0 V,11.79,0.88,0.85,,0.001,2.5,горячий гигант
G,12.4,0.924,0.813,5720,-0.19,,горячий гигант
F,11.59,1.45,1.81,6295,0.28,2.2,горячий гигант
K,13.72,0.893,0.866,5171,0.2,7.38,горячий гигант
F7 V,11.79,1.24,1.38,6200,,,горячий гигант
K5 V,12.7,0.71,0.783,4675,0.03,0.8,горячий гигант
F2 V,10.8,1.57,1.57,6900,-0.03,,горячий гигант
F6 V,10.3,1.34,1.29,6380,0.2,0.9,горячий гигант
G0,12.73,1.167,1.331,5940,0.09,5,горячий гигант
F8 V,12.1,1.22,1.44,6110,0.06,4,горячий гигант
G8 V,11.12,1.076,0.963,5475,0.32,,горячий гигант
K2 V,12.1,0.89,0.9,5070,0.28,,очень теплый гигант
F9,11.21,1.192,1.393,6055,-0.09,,горячий гигант
K6 V,11.47,0.683,0.67,4425,0.02,6.9,очень теплый гигант
F9 V,11.2,1.17,1.215,5960,0.05,4.6,горячий гигант
F4 V,11.47,1.2,1.346,6520,-0.22,2.6,горячий гигант
G9 V,12.3,0.89,0.88,5360,-0.06,8.6,горячий гигант
F5 V,10.3,1.5,1.85,6470,0.08,2.6,горячий гигант
G6 V,13.3,0.81,1,5650,-0.64,10.6,горячий гигант
G1 V,11.77,1.32,1.61,5890,0.1,6.2,горячий гигант
G0 V,12.74,1.29,1.43,5940,0.14,,горячий гигант
F9 V,10.15,1.13,1.17,6038,-0.11,4.6,горячий гигант
G5,12.2,1.02,1.2,5650,0.14,8,горячий гигант
G0,11.69,1.35,1.6,6300,0.3,1.7,горячий гигант
F5 V,11,1.45,1.93,6450,-0.05,2.6,горячий гигант
F6 V,10.44,1.35,1.46,6460,0.13,1.5,горячий гигант
G2,10.95,1.18,1.37,5802,0.33,5,горячий гигант
G5,11.1,1.21,1.3,5740,0.18,6.9,горячий гигант
F9 V,12.7,1.07,1.02,6050,-0.02,2.1,горячий гигант
G2,10.8,1.12,1.27,5800,0.17,6.4,горячий гигант
G5,10.15,1.08,1.39,5620,-0.18,11.4,горячий гигант
G1 V,12.3,1,0.9,5900,0.15,1,горячий гигант
G1 V,10.42,1.05,,5826,0,,горячий гигант
G6 V,11.1,1.04,0.96,5625,0.26,,очень теплый гигант
G0,10.1,1.06,1.53,6030,-0.18,4.5,горячий гигант
K4 V,11.94,0.782,0.75,4714,0.22,3.2,горячая земля
K4 V,11.94,0.782,0.75,4714,0.22,3.2,очень теплый гигант
G4 IV,12.9,1.16,1.44,5700,0.29,6.8,горячий гигант
G4 V,11.3,1.131,1.16,5700,0.4,5.1,горячий гигант
G4 V,11.3,1.131,1.16,5700,0.4,5.1,очень теплый гигант
G5 V,13.28,0.98,0.96,5675,0.02,4.4,горячий гигант
F5 V,9.98,1.41,2.21,6260,-0.18,3.6,горячий гигант
G0,11,1.216,1.65,6100,0.08,4.3,горячий гигант
F9 V,11.81,1.22,1.36,6272,-0.09,3.44,горячий гигант
K0 V,12.4,0.92,0.8,5300,0.2,0.5,горячий нептун
F5 V,9.75,1.21,1.306,6475,0,0.75,горячий гигант
F9,12.4,1.25,1.37,5900,0.29,,горячий гигант
F8,12.3,1.33,1.64,6010,0.26,,горячий гигант
G1 V,12.6,1.087,1,5900,0.23,1.9,горячий гигант
K2 V,12.9,0.81,0.81,5200,0.18,8.7,горячий гигант
G0,12.9,1.057,1.29,6100,-0.01,6.9,горячий гигант
G4 V,12.31,1.04,1.43,5700,0.09,8.4,горячий гигант
F7 V,10.9,1.18,1.477,6300,-0.17,3.9,горячий гигант
G0,12.8,1.34,1.73,5914,0.34,4,горячий гигант
K3 V,11.6,0.84,0.76,4910,0.24,6.4,горячий нептун
F6 V,12.1,1.38,1.39,6350,0.24,1.9,горячий гигант
F9,12.8,1.41,2.1,6120,0.22,3.4,горячий гигант
G3 V,11.3,1.02,0.946,5550,0.01,2.3,горячий гигант
G2 V,12.62,0.96,0.93,5800,-0.01,4.7,горячий гигант
G6 IV,12.69,1.25,1.75,5600,0.33,7.3,горячий гигант
F9,9.36,1.19,1.22,6050,0.19,2.1,горячий нептун
F9 V,12.1,1.08,1.12,6000,-0.01,4,горячий гигант
F8,12.17,1.34,2,6110,0.06,3.8,горячий гигант
F6 V,11.6,1.2,1.38,6650,-0.19,3,горячий гигант
G0,13.05,1.17,1.64,5965,0.04,5.9,горячий гигант
F1 V,11,1.49,1.91,6900,-0.1,1.8,горячий гигант
F6 V,11.79,1.24,1.35,6399,0.06,2.2,горячий гигант
F7 V,12.04,1.212,1.204,6229,0.15,1.75,горячий гигант
K2 V,12.58,0.876,0.885,5017,0.25,9.7,горячий гигант
F6 V,9.3,1.24,1.23,6400,0,0.63,горячий гигант
G2 V,12.91,1.04,0.965,5839,0.09,2.5,горячий гигант
G5,11.98,1.076,1.34,5638,0.27,6,горячий гигант
K0 V,12.76,0.784,0.871,5313,-0.31,14.9,горячий гигант
G0,12.9,1.23,1.65,6000,0.12,4.7,горячий гигант
F8,10.3,1.54,2.83,6150,0,2.55,горячий гигант
G8 V,12.3,0.97,0.99,5500,0.02,0.6,горячий гигант
F6 IV,11.7,1.35,1.65,6400,-0.02,2.8,горячий гигант
G0,12.3,1.09,1.32,5910,0.14,5.7,горячий гигант
G3 V,11.6,1.01,1.06,5800,-0.4,,горячий гигант
G0,12,1.1,1.13,6000,-0.05,,горячий гигант
K1 V,12.7,0.78,0.765,5150,,,горячий гигант
G4 V,11.9,1,0.95,5750,-0.05,,горячий гигант
G0,11.3,1.12,1.34,5950,-0.02,6,горячий гигант
F8 V,12.03,1.02,1.094,6150,-0.29,5,горячий гигант
K4 V,11.3,0.825,0.846,4800,0.11,7,горячий гигант
F7 V,10.64,1.24,1.31,6400,0,,горячий гигант
F8 V,11.7,1.163,1.252,6302,-0.2,4,горячий гигант
G0,11.3,1.1,1.11,6100,-0.13,,горячий гигант
A5 V,8.3,1.51,1.51,7400,0.1,0.4,горячий гигант
G5,10.4,1.01,0.93,5700,-0.02,5,горячий гигант
G0 V,10.95,1.07,1.09,5990,-0.15,,горячий гигант
G2 V,12.7,1.02,0.943,5881,-0.31,3,горячий гигант
G2 V,12.7,0.849,0.977,5800,-0.4,11,горячий гигант
F8 V,9.42,1.216,1.365,6150,-0.12,5,горячий гигант
G8 V,12.11,0.91,0.94,5485,0.01,7.2,горячий гигант
G8 V,12.6,0.93,1.15,5500,-0.03,,горячий гигант
G8 V,11.6,0.93,0.87,5545,0.06,,горячий гигант
G8 V,11.6,0.93,0.87,5545,0.06,,эксцентричный холодный гигант
K1 V,12.57,0.88,0.85,5200,0.05,,горячий гигант
K7 V,12.4,0.717,0.667,4520,-0.01,0.4,горячий гигант
G8 V,12.9,0.951,0.927,5410,0.06,0.9,горячий гигант
K2 V,12,0.91,0.95,5100,0.36,1.4,горячий гигант
G6 V,12.9,0.956,0.917,5620,-0.37,1.4,горячий гигант
G0 IV,11.06,1.19,1.75,5990,-0.12,,горячий гигант
G5,12.26,1,1.084,5700,0.09,3,горячий гигант
G9 V,11.6,0.892,0.843,5400,-0.12,,горячий гигант
K2 V,12,0.87,0.79,5000,0.03,0.4,горячий гигант
G6 V,11.48,1.017,1.112,5600,0.12,,горячий гигант
G6 V,13.04,0.954,0.836,5600,-0.25,,горячий гигант
G2 V,11.66,0.94,1.17,5800,-0.45,3.2,горячий гигант
K5 V,13,0.719,0.613,4650,-0.15,0.5,очень теплый гигант
G8 V,12.4,0.888,0.87,5450,-0.2,11,горячий гигант
F9 V,12.18,1.23,1.4,6105,0.26,1.7,горячий гигант
F7 V,12.5,1.22,1.36,6250,-0.1,,горячий гигант
F7 V,10.3,1.25,1.28,6230,0.04,,горячий гигант
G8 IV,11.2,1.32,1.88,5550,0.08,,горячий гигант
G7,12.29,0.99,1.04,5550,-0.08,,горячий гигант
G6 V,11.9,0.93,1.01,5600,-0.07,6,горячий гигант
F4 IV,11.6,1.3,1.75,6600,-0.31,,горячий гигант
K0 V,12.5,0.87,0.87,5200,-0.07,,горячий гигант
G0,10.7,1.24,1.69,5911,0.22,5,горячий гигант
K5 V,9.87,0.83,0.81,4715,0.14,2,горячий гигант
F5 V,9.51,1.276,1.432,6400,0,,горячий гигант
F8 V,10.6,1.57,2.32,6050,0.15,2,горячий гигант
F7 V,10.96,2.78,2.18,6250,-0.06,,горячий гигант
F9,10.5,1.34,2.07,6036,0.14,3.6,горячий гигант
F9,9.7,1.48,1.64,5990,0.39,2,горячий гигант
F7 V,9.5,1.46,1.73,6250,0.23,,горячий гигант
F8 V,12,2.02,2.31,6100,-0.35,1.4,горячий гигант
F3 V,10.1,1.56,1.64,6600,0.03,0.5,горячий гигант
K7 V,11.9,0.58,0.571,4145,-0.14,,очень теплый гигант
F5 V,10.1,1.63,2.18,6490,0.12,,горячий гигант
G8,12.9,1.11,1.05,5510,0.29,7.1,горячий гигант
K0,10.8,0.85,0.77,5280,0.09,2.1,горячая земля
K0,10.8,0.85,0.77,5280,0.09,2.1,очень теплый гигант
F6,11.4,1.45,2.08,6431,-0.08,2.8,горячий гигант
K3 V,13.1,0.92,0.88,5130,0.15,1.3,горячий гигант
F6 V,11.7,1.55,1.98,6440,0.11,,горячий гигант
K3 V,12,0.84,0.86,4920,0.19,,горячий гигант
F7 V,13.18,1.19,1.34,6258,0,,горячий гигант
F4 V,10.97,1.334,1.524,6696,0.06,,горячий гигант
G2 V,10.1,1.11,1.13,5830,0.14,2.4,горячий гигант
G8,12.2,1.06,1.05,5540,0.14,,горячий гигант
G5,10.6,1.12,1.06,5670,0.23,5,горячий гигант
G7 V,13,0.69,0.7,5525,-0.6,8,горячий гигант
F8 V,9.5,1.48,1.76,6180,0.21,1.4,горячий гигант
F,16.13,1.2,1.15,6250,-0.25,2.5,горячий гигант
K2 V,15.9,0.82,0.75,5000,,0.6,горячий гигант
G1 V,11.3,1,0.928,,,4.5,горячий гигант
G9 V,11.2,0.98,0.964,5340,0.45,2,горячий гигант
G9 V,11.2,0.982,1.02,5399,0.39,7.1,очень теплый гигант
F5 V,10.7,1.32,1.55,,-0.04,2.1,горячий гигант
G8 V,12.13,0.88,1.06,5510,0.18,8.5,горячий гигант
